ID3,ID2,ID1,ID,AREA,LAYER,FEATURE,SK NO,BURIAL NUMBER,LEVEL NUMBER,REDUCED VALUE,PLAN,SECTION,LOCATION,LEVEL BOOK,PAGE,WHICH TBM,DATE,NOTES,SF NUMBER
1,1,1,1,,0600,,,,,,,,,,,,,,
2,2,2,2,,0601,,,,,,,,,,,,,,
3,3,3,3,,0602,,,,8,18.26,PLAN002,,E END,1,41,1,01/02/2006 00:00,,
4,4,4,4,,,FA,,,1,18.45,PLAN002,,"E END, TOP",1,41,1,01/02/2006 00:00,,
5,5,5,5,,,FA,,,2,18.68,PLAN002,,"TOP, 4M W OF E END",1,41,1,01/02/2006 00:00,,
6,6,6,6,,,FC,,,3,18.49,PLAN002,,"E END, TOP",1,41,1,01/02/2006 00:00,,
7,7,7,7,,,FC,,,4,18.55,PLAN002,,"TOP, 4M W OF E END",1,41,1,01/02/2006 00:00,,
8,8,8,8,,,FC,,,5,18.37,PLAN002,,GAP IN FC,1,41,1,01/02/2006 00:00,,
9,9,9,9,,,FG,,,6,18.57,PLAN002,,"FG TOP, BETWEEN FA & FC",1,41,1,01/02/2006 00:00,,
10,10,10,10,,0603,,,,7,18.27,PLAN002,,E END,1,41,1,01/02/2006 00:00,,
11,11,11,11,,0604,,,,9,18.28,PLAN002,,E END,1,41,1,01/02/2006 00:00,,
12,12,12,12,,,FE,,,10,18.45,PLAN002,,TOP,1,41,1,01/02/2006 00:00,,
13,13,13,13,,,FD,,,11,18.57,PLAN002,,TOP OF BRICK FACING ON N SIDE,1,41,1,01/02/2006 00:00,,
14,14,14,14,,,FJ,,,12,18.56,PLAN002,,TOP OF CONCRETE FJ,1,41,1,01/02/2006 00:00,,
15,15,15,15,,,FI,,,13,18.49,PLAN002,,TOP AT N END,1,41,,03/02/2006 00:00,,
16,16,16,16,,,FI,,,14,18.48,PLAN002,,TOP AT FH,1,41,,,,
17,17,17,17,,,FI,,,15,18.52,PLAN002,,TOP AT S END,1,41,,,,
18,18,18,18,,,FN,,,16,18.44,PLAN002,,WALL TOP,1,41,,,,
19,19,19,19,,,FL,,,17,18.46,PLAN002,,RUBBLE S OF FJ - UPPER,1,41,,,,
20,20,20,20,,,FL,,,18,18.38,PLAN002,,RUBBLE S OF FJ - LOWER,1,41,,,,
21,21,21,21,,0608,,,,19,18.34,PLAN002,,SOIL IN ANGLE FI/FH,1,41,,,,
22,22,22,22,,,FK,,,20,18.46,PLAN002,,TOP AT NE CORNER,1,42,,,,
23,23,23,23,,,FK,,,21,18.47,PLAN002,,TOP AT SE CORNER,1,42,,,,
24,24,24,24,,,FM,,,22,18.45,PLAN002,,TOP OF WALL,1,42,,02/02/2006 00:00,,
25,25,25,25,,,FX,,,23,18.54,PLAN002,,TOP OF WALL AT N END,1,42,,,,
26,26,26,26,,,GB,,,24,18.51,PLAN002,,TOP OF WALL,1,42,,,,
27,27,27,27,,0623,,,,25,18.26,PLAN002,,SOIL,1,42,,,,
28,28,28,28,,,FZ,,,26,18.56,PLAN002,,TOP OF WALL AT E END,1,42,,,,
29,29,29,29,,,FW,,,27,18.53,PLAN002,,TOP OF WALL AT W END,1,42,,,,
30,30,30,30,,0629,,,,28,18.37,PLAN002,,TOP OF GRAVESTONE,1,42,,,,
31,31,31,31,,,FZ,,,29,18.51,PLAN002,,TOP OF WALL AT W END,1,42,,,,
32,32,32,32,,,GH,,,30,18.52,PLAN002,,TOP AT S END,1,42,,,,
33,33,33,33,,,GH,,,31,18.62,PLAN002,,TOP AT N END,1,42,,,,
34,34,34,34,,,FW,,,32,18.48,PLAN002,,TOP AT MIDDLE,1,42,,,,
35,35,35,35,,0610,FO,,,1,18.54,PLAN003,,EAST,1,43,,02/02/2006 00:00,,
36,36,36,36,,0610,FO,,,2,18.53,PLAN003,,WEST,1,43,,,,
37,37,37,37,,0611,,,,3,18.44,PLAN003,,CENTRE,1,43,,,,
38,38,38,38,,0612,,,,4,18.36,PLAN003,,CENTRE,1,43,,,,
39,39,39,39,,0613,FP,,,5,18.60,PLAN003,,NORTH,1,43,,,,
40,40,40,40,,0614,,,,6,18.47,PLAN003,,NORTH EAST,1,43,,,,
41,41,41,41,,0613,FP,,,7,18.49,PLAN003,,SOUTH,1,43,,,,
42,42,42,42,,0614,,,,8,18.41,PLAN003,,SOUTH EAST,1,43,,,,
43,43,43,43,,0614,,,,9,18.46,PLAN003,,,1,43,,,,
44,44,44,44,,0615,,,,10,18.40,PLAN003,,,1,43,,,,
45,45,45,45,,0617,FT,,,11,18.51,PLAN003,,,1,43,,,,
46,46,46,46,,0614,,,,12,18.50,PLAN003,,NORTH WEST,1,43,,,,
47,47,47,47,,0616,FQ,,,13,18.59,PLAN003,,,1,43,,,,
48,48,48,48,,0617,FT,,,14,18.67,PLAN003,,,1,43,,,,
49,49,49,49,,0621,FV,,,15,18.78,PLAN003,,,1,43,,,,
50,50,50,50,,0622,FU,,,16,18.62,PLAN003,,,1,43,,,,
51,51,51,51,,0618,,,,17,18.24,PLAN003,,,1,43,,,,
52,52,52,52,,0625,,,,33,18.21,PLAN002,,,1,44,,06/02/2006 00:00,,
53,53,53,53,,,,,,34,18.44,PLAN002,,,1,44,,,,
54,54,54,54,,,,,,35,18.95,PLAN002,,,1,44,,,,
55,55,55,55,,,,,,36,18.56,PLAN002,,,1,44,,,,
56,56,56,56,,,,,,37,18.59,PLAN002,,,1,44,,,,
57,57,57,57,,,,,,38,18.38,PLAN002,,,1,44,,,,
58,58,58,58,,,,,,39,18.48,PLAN002,,,1,44,,,,
59,59,59,59,,,,,,40,18.48,PLAN002,,,1,44,,,,
60,60,60,60,,,,,,1,18.53,PLAN002-OL1,,,1,47,,13/02/2006 00:00,,
61,61,61,61,,,,,,2,18.27,PLAN002-OL1,,,1,47,,,,
62,62,62,62,,,,,,3,18.58,PLAN002-OL1,,,1,47,,,,
63,63,63,63,,,,,,4,18.33,PLAN002-OL1,,,1,47,,,,
64,64,64,64,,,,,,5,17.86,PLAN002-OL1,,,1,47,,,,
65,65,65,65,,,,,,6,18.35,PLAN002-OL1,,,1,47,,,,
66,66,66,66,,,,,,7,18.00,PLAN002-OL1,,,1,47,,,,
67,67,67,67,,,,,,8,18.23,PLAN002-OL1,,,1,47,,,,
68,68,68,68,,,,,,9,18.58,PLAN002-OL1,,,1,47,,,,
69,69,69,69,,,,,,10,18.24,PLAN002-OL1,,,1,47,,,,
70,70,70,70,,,,,,11,18.24,PLAN002-OL1,,,1,47,,,,
71,71,71,71,,,,,,12,17.93,PLAN002-OL1,,,1,47,,,,
72,72,72,72,,,,,,13,18.16,PLAN002-OL1,,,1,47,,,,
73,73,73,73,,,,,,14,18.00,PLAN002-OL1,,,1,47,,,,
74,74,74,74,,,,,,15,17.86,PLAN002-OL1,,,1,47,,14/02/2006 00:00,,
75,75,75,75,,,,,,16,18.18,PLAN002-OL1,,,1,47,,,,
76,76,76,76,,,,,,17,18.13,PLAN002-OL1,,,1,47,,,,
77,77,77,77,,,,,,18,18.06,PLAN002-OL1,,,1,47,,,,
78,78,78,78,,,,,,19,17.84,PLAN002-OL1,,,1,48,,,,
79,79,79,79,,,,,,20,18.27,PLAN002-OL1,,,1,48,,,,
80,80,80,80,,,,,,21,18.97,PLAN002-OL1,,,1,48,,,,
81,81,81,81,,,,,,22,17.67,PLAN002-OL1,,,1,48,,,,
82,82,82,82,,,,,,23,18.17,PLAN002-OL1,,,1,48,,,,
83,83,83,83,,,,,,24,18.58,PLAN002-OL1,,,1,48,,,,
84,84,84,84,,,,,,25,18.65,PLAN002-OL1,,,1,48,,,,
85,85,85,85,,,,,,26,18.22,PLAN002-OL1,,,1,48,,,,
86,86,86,86,,,,,,27,17.95,PLAN002-OL1,,,1,48,,,,
87,87,87,87,,,,,,28,18.22,PLAN002-OL1,,,1,48,,,,
88,88,88,88,,,,,,29,17.94,PLAN002-OL1,,,1,48,,,,
89,89,89,89,,,,,,30,18.08,PLAN002-OL1,,,1,48,,,,
90,90,90,90,,,,,,31,17.91,PLAN002-OL1,,,1,48,,,,
91,91,91,91,,,,,,32,17.70,PLAN002-OL1,,,1,48,,,,
92,92,92,92,,,,,,33,17.86,PLAN002-OL1,,,1,48,,,,
93,93,93,93,,,,,,34,17.75,PLAN002-OL1,,,1,48,,,,
94,94,94,94,,,,,,35,17.88,PLAN002-OL1,,,1,48,,,,
95,95,95,95,,,,,,36,18.31,PLAN002-OL1,,,1,48,,,,
96,96,96,96,,,,,,37,17.90,PLAN002-OL1,,,1,48,,,,
97,97,97,97,,,,,,38,18.30,PLAN002-OL1,,,1,48,,,,
98,98,98,98,,,,,,39,17.75,PLAN002-OL1,,,1,48,,,,
99,99,99,99,,,,,,40,17.85,PLAN002-OL1,,,1,48,,,,
100,100,100,100,,,,,,41,18.27,PLAN002-OL1,,,1,49,,,,
101,101,101,101,,,,,,42,18.53,PLAN002-OL1,,,1,49,,,,
102,102,102,102,,,,,,43,18.05,PLAN002-OL1,,,1,49,,,,
103,103,103,103,,,,,,44,17.69,PLAN002-OL1,,,1,49,,,,
104,104,104,104,,,,,,45,17.82,PLAN002-OL1,,,1,49,,,,
105,105,105,105,,,,,,46,18.38,PLAN002-OL1,,,1,49,,,,
106,106,106,106,,,,,,47,18.67,PLAN002-OL1,,,1,49,,,,
107,107,107,107,,,,,,48,17.67,PLAN002-OL1,,,1,49,,,,
108,108,108,108,,,,,,49,17.96,PLAN002-OL1,,,1,49,,,,
109,109,109,109,,,,,,50,17.95,PLAN002-OL1,,,1,49,,,,
110,110,110,110,,,,,,51,17.96,PLAN002-OL1,,,1,49,,15/02/2006 00:00,,
111,111,111,111,,,,,,52,17.96,PLAN002-OL1,,,1,49,,,,
112,112,112,112,,,,,,53,18.33,PLAN002-OL1,,,1,49,,,,
113,113,113,113,,,,,,54,18.59,PLAN002-OL1,,,1,49,,,,
114,114,114,114,,,,,,55,18.28,PLAN002-OL1,,,1,49,,,,
115,115,115,115,,,,,,56,18.38,PLAN002-OL1,,,1,49,,,,
116,116,116,116,,,,,,57,18.35,PLAN002-OL1,,,1,49,,,,
117,117,117,117,,,,,,58,17.92,PLAN002-OL1,,,1,49,,,,
118,118,118,118,,,,,,59,18.43,PLAN002-OL1,,,1,49,,,,
119,119,119,119,,,,,,60,18.60,PLAN002-OL1,,,1,50,,,,
120,120,120,120,,,,,,61,18.27,PLAN002-OL1,,,1,50,,,,
121,121,121,121,,,GM,,,1,18.17,PLAN006-OL1,,S OF FR,1,51,,17/02/2006 00:00,,
122,122,122,122,,,GM,,,2,18.16,PLAN006-OL1,,W OF FR,1,51,,,,
123,123,123,123,,0657,,,,3,18.24,PLAN006-OL1,,CENTRE,1,51,,,,
124,124,124,124,,0658,,,,4,18.21,PLAN006-OL1,,E END,1,51,,,,
125,125,125,125,,0658,,,,5,18.19,PLAN006-OL1,,W END,1,51,,,,
126,126,126,126,,0661,,,,6,18.31,PLAN006-OL1,,CENTRE,1,51,,,,
127,127,127,127,,,,,,1,18.28,PLAN005,,,1,52,,20/02/2006 00:00,,
128,128,128,128,,,,,,2,17.54,PLAN005,,,1,52,,,,
129,129,129,129,,,,,,3,18.29,PLAN005,,,1,52,,,,
130,130,130,130,,,,,,4,18.25,PLAN005,,,1,52,,,,
131,131,131,131,,,,,,5,18.24,PLAN005,,,1,52,,,,
132,132,132,132,,,,,,6,18.23,PLAN005,,,1,52,,,,
133,133,133,133,,,,,,7,18.39,PLAN005,,,1,52,,,,
134,134,134,134,,,,,,8,18.32,PLAN005,,,1,52,,,,
135,135,135,135,,,,,,9,18.07,PLAN005,,,1,52,,,,
136,136,136,136,,,,,,10,17.68,PLAN005,,,1,52,,,,
137,137,137,137,,,,,,11,18.34,PLAN005,,,1,52,,,,
138,138,138,138,,,,,,12,17.66,PLAN005,,,1,52,,,,
139,139,139,139,,,,,,1,18.17,,SECTION008,,1,53,,,,
140,140,140,140,,,,,,2,18.17,,SECTION008,,1,53,,,,
141,141,141,141,,0670,,,,1,18.23,PLAN006-OL2,,WEST,1,56,1,22/02/2006 00:00,,
142,142,142,142,,0670,,,,2,18.22,PLAN006-OL2,,EAST,1,56,1,22/02/2006 00:00,,
143,143,143,143,,,,,,1,18.47,PLAN018,,"KEYSTONE, SOUTH, ST MARY'S CHAPEL WALL",2,,1,04/05/2006 00:00,,
144,144,144,144,,,,,,2,18.50,PLAN018,,"KEYSTONE, NORTH, ST MARY'S CHAPEL WALL",2,,1,04/05/2006 00:00,,
145,145,145,145,,,IB,,,3,17.87,PLAN018,,"NORTH EDGE, EAST",2,,1,04/05/2006 00:00,,
146,146,146,146,,,IB,,,4,17.62,PLAN018,,"SOUTH EDGE, EAST",2,,1,04/05/2006 00:00,,
147,147,147,147,,,IB,,,5,17.59,PLAN018,,"NORTH EDGE, WEST",2,,1,04/05/2006 00:00,,
148,148,148,148,,,IB,,,6,17.73,PLAN018,,"SOUTH EDGE, WEST",2,,1,04/05/2006 00:00,,
149,149,149,149,,,IB,,,7,,PLAN018,,"CENTRE, NOT TAKEN",2,,1,04/05/2006 00:00,,
150,150,150,150,,,ABZ,,,1,18.18,PLAN018-OL1,,WEST END,3,,,10/05/2006 00:00,,
151,151,151,151,,,ABZ,,,2,17.86,PLAN018-OL1,,"N SIDE, LOWER COURSE TOP",,,,,,
152,152,152,152,,,ABZ,,,3,18.16,PLAN018-OL1,,EAST END,,,,,,
153,153,153,153,,,RA,,,4,18.02,PLAN018-OL1,,SE,,,,,,
154,154,154,154,,,RA,,,5,17.90,PLAN018-OL1,,SE,,,,,,
155,155,155,155,,,AAP,,,6,17.83,PLAN018-OL1,,SOUTH EAST,,,,,,
156,156,156,156,,,AAP,,,7,17.78,PLAN018-OL1,,SOUTH WEST,,,,,,
157,157,157,157,,,RA,,,8,18.22,PLAN018-OL1,,NE,,,,,,
158,158,158,158,,,AAP,,,9,18.04,PLAN018-OL1,,CENTRE,,,,,,
159,159,159,159,,,AAP,,,10,18.16,PLAN018-OL1,,NE,,,,,,
160,160,160,160,,,QK,,,11,18.20,PLAN018-OL1,,SW,,,,,,
161,161,161,161,,,QK,,,12,18.02,PLAN018-OL1,,SE,,,,,,
162,162,162,162,,,QK,,,13,18.40,PLAN018-OL1,,NE,,,,,,
163,163,163,163,,,QK,,,14,18.22,PLAN018-OL1,,E MIDDLE,,,,,,
164,164,164,164,,,QK,,,15,18.12,PLAN018-OL1,,SE CORNER,,,,,,
165,165,165,165,,,RZ,,,16,18.12,PLAN018-OL1,,S EDGE - POSS HB CUT,,,,,,
166,166,166,166,,,RZ,,,17,17.95,PLAN018-OL1,,S EDGE - POSS HB CUT,,,,,,
167,167,167,167,,,RZ,,,18,18.17,PLAN018-OL1,,NE OF CENTRE,,,,,,
168,168,168,168,,,RZ,,,19,17.88,PLAN018-OL1,,S EDGE - POSS HB CUT,,,,,,
169,169,169,169,,,RZ,,,20,17.84,PLAN018-OL1,,S EDGE - POSS HB CUT,,,,,,
170,170,170,170,,,RZ,,,21,17.66,PLAN018-OL1,,S EDGE - POSS HB CUT,,,,,,
171,171,171,171,,,RZ,,,22,18.17,PLAN018-OL1,,UPPER SE TOP,,,,,,
172,172,172,172,,,UH,,,23,17.95,PLAN018-OL1,,NW CORNER,,,,,,
173,173,173,173,,,,,,24,17.66,PLAN018-OL1,,SOIL NW OF UH NW CORNER,,,,,,
174,174,174,174,,,UH,,,25,17.99,PLAN018-OL1,,E END,,,,,,
175,175,175,175,,,UH,,,26,18.17,PLAN018-OL1,,CENTRE TOP,,,,,,
176,176,176,176,,,UH,,,27,18.13,PLAN018-OL1,,CENTRE TOP,,,,,,
177,177,177,177,,,UH,,,28,18.16,PLAN018-OL1,,NE CORNER,,,,,,
178,178,178,178,,,UH,,,29,17.04,PLAN018-OL1,,SE CORNER,,,,,,
179,179,179,179,,,UH,,,30,18.16,PLAN018-OL1,,W EDGE,,,,,,
180,180,180,180,,0671,,,,3,18.20,PLAN006-OL2,,NORTH,1,56,,22/02/2006 00:00,,
181,181,181,181,,0671,,,,4,18.13,PLAN006-OL2,,SOUTH,1,56,,22/02/2006 00:00,,
182,182,182,182,,,UH,,,5,18.12,PLAN006-OL2,,SW CORNER,1,56,,,,
183,183,183,183,,,GM,,,6,18.17,PLAN006-OL2,,WEST,1,56,,,,
184,184,184,184,,,GM,,,7,18.13,PLAN006-OL2,,SOUTH,1,56,,,,
185,185,185,185,,,,,,8,18.02,PLAN006-OL2,,WEST END OF LATER E OF GM (?0650),1,56,,,,
186,186,186,186,,,HP,0030,,9,17.92,PLAN006-OL2,,BESIDE SKULL SK0030,1,56,,,,
187,187,187,187,,,,,,10,17.94,PLAN006-OL2,,S OF HP,1,56,,,,
188,188,188,188,,,,,,11,18.10,PLAN006-OL2,,S OF HP,1,56,,,,
189,189,189,189,,,,,,12,18.07,PLAN006-OL2,,S OF HP,1,56,,,,
190,190,190,190,,,HP,0030,,13,17.86,PLAN006-OL2,,PELVIS SK0030,1,56,,,,
191,191,191,191,,,HP,0030,,14,17.92,PLAN006-OL2,,LOWER L TIBIA SK0030,1,56,,,,
192,192,192,192,,0697,,,,15,18.16,PLAN006-OL2,,EAST,1,56,,,,
193,193,193,193,,0697,,,,16,18.16,PLAN006-OL2,,WEST,1,56,,,,
194,194,194,194,,0701,HQ,0035,,17,17.79,PLAN006-OL2,,"SK0035, BETWEEN FEMURS",1,56,,,,
195,195,195,195,,0701,HQ,0035,,18,17.78,PLAN006-OL2,,"SK0035, LEFT THORAX",1,56,,,,
196,196,196,196,,,HQ,,,19,17.76,PLAN006-OL2,,W OF COFFIN W EDGE,1,56,,,,
197,197,197,197,,0701,HQ,0035,,20,17.95,PLAN006-OL2,,S OF R FEMUR SK0035,1,56,,,,
198,198,198,198,,,,,,21,17.82,PLAN006-OL2,,NOT DESCRIBED OR ON PLAN,1,56,,,,
199,199,199,199,,,,,,1,17.87,PLAN006-OL3,,S OF HP CUT - WEST,1,56,,23/02/2006 00:00,,
200,200,200,200,,,HP,,,2,17.76,PLAN006-OL3,,FLOOR OF CUT - WEST,1,56,,23/02/2006 00:00,,
201,201,201,201,,,HP,,,3,17.70,PLAN006-OL3,,FLOOR OF CUT - EAST,1,56,,23/02/2006 00:00,,
202,202,202,202,,,,,,4,17.80,PLAN006-OL3,,S OF HP CUT - EAST,1,56,,23/02/2006 00:00,,
203,203,203,203,,,,,,5,17.80,PLAN006-OL3,,E OF HP CUT,1,56,,23/02/2006 00:00,,
204,204,204,204,,0641,,,,1,18.25,PLAN006,,E END,1,53,,21/02/2006 00:00,,
205,205,205,205,,0685,,,,2,18.17,PLAN006,,E END,1,53,,,,
206,206,206,206,,0649,GN,,,3,18.30,PLAN006,,E END PRE-EX,1,53,,,,
207,207,207,207,,0649,GN,,,4,18.17,PLAN006,,W END PRE-EX,1,53,,,,
208,208,208,208,,0686,,,,5,18.22,PLAN006,,CENTRE,1,53,,,,
209,209,209,209,,0725,GL,,,6,18.36,PLAN006,,CENTRE,1,53,,,,
210,210,210,210,,0664,,,,7,17.92,PLAN006,,W OF GO,1,53,,,,
211,211,211,211,,0664,,,,8,18.07,PLAN006,,S OF GO,1,53,,,,
212,212,212,212,,0664,IO,,,9,17.96,PLAN006,,"GT CUT, E OF GT END",1,53,,,,
213,213,213,213,,0687,GT,,,10,18.23,PLAN006,,TOP AT E END,1,53,,,,
214,214,214,214,,0688,BAB,,,11,18.27,PLAN006,,TOP OF SLABS BAB (FORMER GU),1,53,,,,
215,215,215,215,,0638,,,,12,18.18,PLAN006,,BESIDE WALL GK,1,53,,,,
216,216,216,216,,,GK,,,13,18.48,PLAN006,,LOWER COURSE OF WALL GK,1,53,,,,
217,217,217,217,,,GK,,,14,18.63,PLAN006,,TOP OF CONCRETE BLOCK WALL GK,1,53,,,,
218,218,218,218,,,LP,,,15,18.61,PLAN006,,"TOP, E OF FV",1,53,,,,
219,219,219,219,,0687,GT,,,16,18.21,PLAN006,,TOP,1,53,,,,
220,220,220,220,,0689,,,,17,18.27,PLAN006,,S OF GT,1,53,,,,
221,221,221,221,,0695,GV,,,18,18.59,PLAN006,,TOP OF WALL,1,54,,,,
222,222,222,222,,,,,,1,18.99,PLAN007,,,1,55,1,22/02/2006 00:00,,
223,223,223,223,,,,,,2,18.47,PLAN007,,,1,,,,,
224,224,224,224,,,,,,3,18.28,PLAN007,,,1,,,,,
225,225,225,225,,,,,,4,18.01,PLAN007,,,1,,,,,
226,226,226,226,,,,,,5,18.08,PLAN007,,,1,,,,,
227,227,227,227,,,,,,6,18.18,PLAN007,,,1,,,,,
228,228,228,228,,,,,,7,18.54,PLAN007,,,1,,,,,
229,229,229,229,,,,,,8,18.99,PLAN007,,,1,,,,,
230,230,230,230,,,,,,9,18.21,PLAN007,,,1,,,,,
231,231,231,231,,,,,,10,18.61,PLAN007,,,1,,,,,
232,232,232,232,,,,,,11,18.74,PLAN007,,,1,,,,,
233,233,233,233,,,,,,12,18.16,PLAN007,,,1,,,,,
234,234,234,234,,,,,,13,18.47,PLAN007,,,1,,,,,
235,235,235,235,,,,,,14,18.18,PLAN007,,,1,,,,,
236,236,236,236,,,,,,15,18.23,PLAN007,,,1,,,,,
237,237,237,237,,,,,,16,18.54,PLAN007,,,1,,,,,
238,238,238,238,,,,,,17,18.28,PLAN007,,,1,,,,,
239,239,239,239,,,,,,18,18.54,PLAN007,,,1,,,,,
240,240,240,240,,,,,,19,18.16,PLAN007,,,1,,,,,
241,241,241,241,,,,,,20,18.84,PLAN007,,,1,,,,,
242,242,242,242,,,,,,21,18.45,PLAN007,,,1,,,,,
243,243,243,243,,,,,,22,18.14,PLAN007,,,1,55,,,,
244,244,244,244,,,,,,23,18.49,PLAN007,,,1,,,,,
245,245,245,245,,,,,,24,18.29,PLAN007,,,1,,,,,
246,246,246,246,,,,,,25,18.28,PLAN007,,,1,,,,,
247,247,247,247,,,,,,26,18.46,PLAN007,,,1,,,,,
248,248,248,248,,,,,,27,18.22,PLAN007,,,1,,,,,
249,249,249,249,,,,,,28,18.57,PLAN007,,,1,,,,,
250,250,250,250,,,,,,29,18.45,PLAN007,,,1,,,,,
251,251,251,251,,,,,,30,17.93,PLAN007,,,1,,,,,
252,252,252,252,,,,,,31,18.23,PLAN007,,,1,,,,,
253,253,253,253,,,,,,32,17.95,PLAN007,,,1,,,,,
254,254,254,254,,,,,,33,18.12,PLAN007,,,1,,,,,
255,255,255,255,,,,,,34,18.15,PLAN007,,,1,,,,,
256,256,256,256,,,,,,35,18.16,PLAN007,,,1,,,,,
257,257,257,257,,,,,,36,18.08,PLAN007,,,1,,,,,
258,258,258,258,,,,,,37,18.04,PLAN007,,,1,,,,,
259,259,259,259,,,,,,38,17.96,PLAN007,,,1,,,,,
260,260,260,260,,,,,,39,18.81,PLAN007,,,1,,,,,
261,261,261,261,,,,,,1,17.65,PLAN009,,,1,,,22/02/2006 00:00,,
262,262,262,262,,,,,,2,17.95,PLAN009,,,1,,,,,
263,263,263,263,,,,,,3,17.63,PLAN009,,,1,,,,,
264,264,264,264,,,,,,4,18.01,PLAN009,,,1,,,,,
265,265,265,265,,,,,,5,17.79,PLAN009,,,1,,,,,
266,266,266,266,,,,,,6,17.70,PLAN009,,,1,,,,,
267,267,267,267,,,,,,7,17.68,PLAN009,,,1,,,,,
268,268,268,268,,,,,,8,17.57,PLAN009,,,1,,,,,
269,269,269,269,,,,,,9,17.72,PLAN009,,,1,,,,,
270,270,270,270,,,,,,10,17.54,PLAN009,,,1,,,,,
271,271,271,271,,,,,,11,17.62,PLAN009,,,1,,,,,
272,272,272,272,,,,,,12,17.70,PLAN009,,,1,,,,,
273,273,273,273,,,,,,13,17.23,PLAN009,,,1,,,,,
274,274,274,274,,,,,,14,17.59,PLAN009,,,1,,,,,
275,275,275,275,,,,,,15,18.24,PLAN009,,,1,,,,,
276,276,276,276,,,,0032,,1,17.93,PLAN011,,,1,,,23/02/2006 00:00,,
277,277,277,277,,,,0032,,2,17.76,PLAN011,,,1,,,,,
278,278,278,278,,,,0032,,3,17.75,PLAN011,,,1,,,,,
279,279,279,279,,,,,,1,17.84,PLAN013,,,1,,,24/02/2006 00:00,,
280,280,280,280,,,,,,2,17.82,PLAN013,,,1,,,,,
281,281,281,281,,,,,,3,17.57,PLAN013,,,1,,,,,
282,282,282,282,,,,,,4,17.80,PLAN013,,,1,,,,,
283,283,283,283,,,,,,5,18.38,PLAN013,,,1,,,,,
284,284,284,284,,,,,,1,17.64,PLAN014,,,1,,,27/02/2006 00:00,,
285,285,285,285,,,,,,2,17.68,PLAN014,,,1,,,,,
286,286,286,286,,,,,,3,17.59,PLAN014,,,1,,,,,
287,287,287,287,,,,,,4,17.60,PLAN014,,,1,,,,,
288,288,288,288,,,,,,5,17.34,PLAN014,,,1,,,,,
289,289,289,289,,,,,,6,17.34,PLAN014,,,1,,,,,
290,290,290,290,,,,,,7,17.32,PLAN014,,,1,,,,,
291,291,291,291,,,,,,8,17.05,PLAN014,,,1,,,,,
292,292,292,292,,,,,,9,17.06,PLAN014,,,1,,,,,
293,293,293,293,,,,,,10,17.21,PLAN014,,,1,,,,,
294,294,294,294,,,,,,11,17.10,PLAN014,,,1,,,,,
295,295,295,295,,,,,,12,17.15,PLAN014,,,1,,,,,
296,296,296,296,,,,,,13,17.09,PLAN014,,,1,,,,,
297,297,297,297,,,,,,14,16.74,PLAN014,,,1,,,,,
298,298,298,298,,,,,,15,16.86,PLAN014,,,1,,,,,
299,299,299,299,,,,,,16,16.96,PLAN014,,,,,,,,
300,300,300,300,,,,,,17,17.09,PLAN014,,,,,,,,
301,301,301,301,,,,,,18,16.90,PLAN014,,,,,,,,
302,302,302,302,,,,,,1,17.62,PLAN015-OL1,,,,,,27/02/2006 00:00,,
303,303,303,303,,,,,,2,17.51,PLAN015-OL1,,,,,,,,
304,304,304,304,,,,,,3,17.43,PLAN015-OL1,,,,,,,,
305,305,305,305,,,,,,4,17.59,PLAN015-OL1,,,,,,,,
306,306,306,306,,,,,,5,17.59,PLAN015-OL1,,,,,,,,
307,307,307,307,,,,,,6,17.47,PLAN015-OL1,,,,,,,,
308,308,308,308,,,,,,7,17.59,PLAN015-OL1,,,,,,,,
309,309,309,309,,,,,,8,17.38,PLAN015-OL1,,,,,,,,
310,310,310,310,,,,,,9,17.59,PLAN015-OL1,,,,,,,,
311,311,311,311,,,,,,10,17.88,PLAN015-OL1,,,,,,,,
312,312,312,312,,,,,,11,17.80,PLAN015-OL1,,,,,,,,
313,313,313,313,,,,,,12,17.62,PLAN015-OL1,,,,,,,,
314,314,314,314,,,,,,13,17.76,PLAN015-OL1,,,,,,,,
315,315,315,315,,,,,,14,17.52,PLAN015-OL1,,,,,,,,
316,316,316,316,,,,,,15,17.77,PLAN015-OL1,,,,,,,,
317,317,317,317,,,,,,16,17.54,PLAN015-OL1,,,,,,,,
318,318,318,318,,,,,,17,17.50,PLAN015-OL1,,,,,,,,
319,319,319,319,,,,,,18,17.31,PLAN015-OL1,,,,,,,,
320,320,320,320,,,,,,16,18.32,PLAN009,,,,,,27/02/2006 00:00,,
321,321,321,321,,,,,,17,17.62,PLAN009,,,,,,,,
322,322,322,322,,,,,,18,17.52,PLAN009,,,,,,,,
323,323,323,323,,,,0037,,1,18.14,PLAN017,,LOWER LEGS,,,,28/02/2006 00:00,,
324,324,324,324,,,,0038,,2,18.01,PLAN017,,FEMURS,,,,,,
325,325,325,325,,,,0002,,3,18.02,PLAN017,,NEXT TO SK0002,,,,,,
326,326,326,326,,0609,,,,4,18.00,PLAN017,,,,,,,,
327,327,327,327,,0749,,,,1,18.04,PLAN019,,BETWEEN IA AND IF,,,,01/03/2006 00:00,,
328,328,328,328,,0749,,,,2,18.06,PLAN019,,E OF IA,,,,,,
329,329,329,329,,0749,,,,3,18.21,PLAN019,,SLOPED SOIL E OF IA AND HZ,,,,,,
330,330,330,330,,,IC,,,4,18.36,PLAN019,,TOP AT W END,,,,,,
331,331,331,331,,0624,,,,5,18.05,PLAN019,,,,,,,,
332,332,332,332,,0624,,,,6,18.08,PLAN019,,,,,,,,
333,333,333,333,,,IC,,,7,18.14,PLAN019,,TOP AT E END,,,,,,
334,334,334,334,,0749,,,,8,18.10,PLAN019,,W OF ADN,,,,,,
335,335,335,335,,0747,,,,9,18.22,PLAN019,,W END,,,,,,
336,336,336,336,,,BCA,,,10,18.26,PLAN019,,GRAVESTONE AT E END,,,,,,
337,337,337,337,,0746,,,,11,18.12,PLAN019,,,,,,,,
338,338,338,338,,0747,,,,12,18.20,PLAN019,,E END,,,,,,
339,339,339,339,,0625,,,,13,18.22,PLAN019,,N SIDE,,,,,,
340,340,340,340,,0625,,,,14,18.27,PLAN019,,S SIDE,,,,,,
341,341,341,341,,0745,,,,15,17.53,PLAN019,,,,,,,,
342,342,342,342,,,,,,1,17.93,,SECTION002,NAIL SOUTH,,,,02/03/2006 00:00,,
343,343,343,343,,,,,,2,17.93,,SECTION002,NAIL NORTH,,,,,,
344,344,344,344,,,,,,1,17.91,,SECTION004,NAIL SOUTH,,,,04/03/2006 00:00,,
345,345,345,345,,,,,,2,17.90,,SECTION004,NAIL NORTH,,,,,,
346,346,346,346,,,,,,1,18.33,,SECTION009,,,,,13/03/2006 00:00,,
347,347,347,347,,,,0044,,1,17.49,PLAN009-OL1,,HEAD,,,,06/03/2006 00:00,,
348,348,348,348,,,,0044,,2,17.45,PLAN009-OL1,,ARMS,,,,,,
349,349,349,349,,,,0044,,3,17.41,PLAN009-OL1,,PELVIS,,,,,,
350,350,350,350,,,,0044,,4,17.38,PLAN009-OL1,,FEET,,,,,,
351,351,351,351,,,,,,1,17.59,,SECTION003,NAIL NORTH,,,,06/03/2006 00:00,,
352,352,352,352,,,,,,2,17.58,,SECTION003,NAIL SOUTH,,,,,,
353,353,353,353,,,,0051,,,17.92,,,FEET,,,,06/03/2006 00:00,NOT ON PLAN/SECTION,
354,354,354,354,,0739,,,,1,17.95,PLAN022,,FILL AROUND SK0043 WITHIN HZ,,,,06/03/2006 00:00,,
355,355,355,355,,,,0043,,2,17.97,PLAN022,,FEET,,,,,,
356,356,356,356,,,,0048,,3,17.53,PLAN022,,FEET,,,,,,
357,357,357,357,,,,0048,,4,17.54,PLAN022,,HANDS/PELVIS,,,,,,
358,358,358,358,,,,0048,,5,17.59,PLAN022,,HEAD,,,,,,
359,359,359,359,,,,0047,,6,17.97,PLAN022,,,,,,,,
360,360,360,360,,,,0046,,7,17.55,PLAN022,,,,,,,,
361,361,361,361,,,,0046,,8,17.50,PLAN022,,ANKLES,,,,,,
362,362,362,362,,,,0049,,9,17.71,PLAN022,,TOP OF FEMURS,,,,,,
363,363,363,363,,,,0049,,10,17.79,PLAN022,,KNEES,,,,,,
364,364,364,364,,,,0049,,11,17.83,PLAN022,,ANKLES,,,,,,
365,365,365,365,,0758=0771=0754,,,,12,18.08,PLAN022,,TOP OF SLOPE,,,,,,
366,366,366,366,,0758=0771=0754,,,,13,17.74,PLAN022,,MIDDLE OF SLOPE,,,,,,
367,367,367,367,,0758=0771=0754,,,,14,17.47,PLAN022,,BOTTOM OF SLOPE,,,,,,
368,368,368,368,,,IJ,,,15,17.97,PLAN022,,WALL,,,,,,
369,369,369,369,,0772,,,,16,17.49,PLAN022,,GRITTY LEVEL,,,,,,
370,370,370,370,,0748,,,,17,17.44,PLAN022,,WHITE LEVEL,,,,,,
371,371,371,371,,,,,,18,17.65,PLAN022,,WORKED STONE BLOCK,,,,,,
372,372,372,372,,,,,,19,17.65,PLAN022,,LARGE STONE,,,,,,
373,373,373,373,,,,,,20,18.41,PLAN022,,WALL,,,,,,
374,374,374,374,,,,,,21,18.48,PLAN022,,WALL,,,,,,
375,375,375,375,,,,,,19,17.68,PLAN014,,,,,,07/03/2006 00:00,,
376,376,376,376,,,,,,20,16.75,PLAN014,,,,,,,,
377,377,377,377,,,,,,21,16.64,PLAN014,,,,,,,,
378,378,378,378,,,,,,22,16.72,PLAN014,,,,,,,,
379,379,379,379,,,,,,23,16.68,PLAN014,,,,,,,,
380,380,380,380,,,,,,24,16.73,PLAN014,,,,,,,,
381,381,381,381,,,,,,25,16.81,PLAN014,,,,,,,,
382,382,382,382,,,,,,26,16.58,PLAN014,,,,,,,,
383,383,383,383,,,IX,,,22,17.96,PLAN022,,COFFIN,,,,09/03/2006 00:00,,
384,384,384,384,,0777,,,,23,17.89,PLAN022,,FILL OF COFFIN,,,,,,
385,385,385,385,,,,0056,,24,17.89,PLAN022,,PELVIS,,,,,,
386,386,386,386,,,,0052,,1,17.91,,,HEAD,,,,07/03/2006 00:00,NOT ON PLAN/SECTION,
387,387,387,387,,,,0052,,2,17.94,,,ARMS,,,,,NOT ON PLAN/SECTION,
388,388,388,388,,,,0052,,3,17.93,,,PELVIS,,,,,NOT ON PLAN/SECTION,
389,389,389,389,,,,0052,,4,17.95,,,FEET,,,,,NOT ON PLAN/SECTION,
390,390,390,390,,,,0050,,1,17.82,PLAN015,,PELVIS,,,,,,
391,391,391,391,,,,0053,,,17.91,PLAN018,,,,,,,,
392,392,392,392,,0768,,,,1,17.52,PLAN022-OL1,,,,,,08/03/2006 00:00,,
393,393,393,393,,0769,,,,2,17.43,PLAN022-OL1,,,,,,,,
394,394,394,394,,0773,,,,3,17.74,PLAN022-OL1,,,,,,,,
395,395,395,395,,0773,,,,4,17.73,PLAN022-OL1,,,,,,,,
396,396,396,396,,0773,,,,5,17.70,PLAN022-OL1,,,,,,,,
397,397,397,397,,0774,,,,6,17.71,PLAN022-OL1,,,,,,,,
398,398,398,398,,0775,,,,7,17.64,PLAN022-OL1,,,,,,,,
399,399,399,399,,0775,,,,8,17.65,PLAN022-OL1,,,,,,,,
400,400,400,400,,,,,,9,17.51,PLAN022-OL1,,,,,,,,
401,401,401,401,,,,,,10,17.50,PLAN022-OL1,,,,,,,,
402,402,402,402,,,,,,11,17.51,PLAN022-OL1,,,,,,,,
403,403,403,403,,,,,,12,17.25,PLAN022-OL1,,DIVIDING LINE BETWEEN 0772 AND 0748,,,,,,
404,404,404,404,,,,,,13,17.25,PLAN022-OL1,,DIVIDING LINE BETWEEN 0772 AND 0748,,,,,,
405,405,405,405,,0772,,,,14,17.23,PLAN022-OL1,,LEVEL 0772,,,,,,
406,406,406,406,,,,,,15,17.41,PLAN022-OL1,,LARGE STONE,,,,,,
407,407,407,407,,0748,,,,16,17.27,PLAN022-OL1,,,,,,,,
408,408,408,408,,,,,,17,17.46,PLAN022-OL1,,LARGE STONE,,,,,,
409,409,409,409,,,,0054?,,1,17.91,PLAN018,,,,,,08/03/2006 00:00,,
410,410,410,410,,,,0054?,,2,17.72,PLAN018,,,,,,,,
411,411,411,411,,,,0055,,4,17.58,PLAN018,,,,,,,,
412,412,412,412,,,,0055,,5,17.46,PLAN018,,,,,,,,
413,413,413,413,,,,0055,,6,17.45,PLAN018,,,,,,,,
414,414,414,414,,,,0055,,7,17.42,PLAN018,,,,,,,,
415,415,415,415,,,,0055,,8,17.48,PLAN018,,,,,,,,
416,416,416,416,,,,,,9,16.38,PLAN018,,,,,,,,
417,417,417,417,,,,,,1,17.75,PLAN021,,,,,,08/03/2006 00:00,,
418,418,418,418,,,,,,2,17.68,PLAN021,,,,,,,,
419,419,419,419,,,,,,3,17.89,PLAN021,,,,,,,,
420,420,420,420,,,,,,4,17.90,PLAN021,,,,,,,,
421,421,421,421,,,,,,5,17.83,PLAN021,,,,,,,,
422,422,422,422,,,,,,6,17.83,PLAN021,,,,,,,,
423,423,423,423,,,,,,7,17.67,PLAN021,,,,,,,,
424,424,424,424,,,,,,8,17.47,PLAN021,,,,,,,,
425,425,425,425,,,,,,9,17.82,PLAN021,,,,,,,,
426,426,426,426,,,,,,10,18.00,PLAN021,,,,,,,,
427,427,427,427,,,,,,11,17.87,PLAN021,,,,,,,,
428,428,428,428,,,,,,12,17.98,PLAN021,,,,,,,,
429,429,429,429,,,,,,13,17.89,PLAN021,,,,,,,,
430,430,430,430,,,,,,14,18.03,PLAN021,,,,,,,,
431,431,431,431,,,IU,,,1,16.97,PLAN026,,,,,,08/03/2006 00:00,,
432,432,432,432,,,IU,,,2,17.65,PLAN026,,,,,,,,
433,433,433,433,,,IU,,,3,17.48,PLAN026,,,,,,,,
434,434,434,434,,,IU,,,4,17.23,PLAN026,,,,,,,,
435,435,435,435,,,IU,,,5,17.18,PLAN026,,,,,,,,
436,436,436,436,,,IU,,,6,17.47,PLAN026,,,,,,,,
437,437,437,437,,,IU,,,7,17.66,PLAN026,,,,,,,,
438,438,438,438,,,ID,,,8,16.85,PLAN026,,,,,,,,
439,439,439,439,,,ID,,,9,16.65,PLAN026,,,,,,,,
440,440,440,440,,,ID,,,10,16.87,PLAN026,,,,,,,,
441,441,441,441,,,ID,,,11,16.70,PLAN026,,,,,,,,
442,442,442,442,,,ID,,,12,16.96,PLAN026,,,,,,,,
443,443,443,443,,,ID,,,13,16.71,PLAN026,,,,,,,,
444,444,444,444,,,ID,,,14,16.70,PLAN026,,,,,,,,
445,445,445,445,,,ID,,,15,16.80,PLAN026,,,,,,,,
446,446,446,446,,,,,,16,17.62,PLAN026,,DRAWING POINTS,,,,,,
447,447,447,447,,,,,,17,17.72,PLAN026,,DRAWING POINTS,,,,,,
448,448,448,448,,0726,,,,1,17.98,PLAN025,,"E END, LOWER",,,,08/03/2006 00:00,,
449,449,449,449,,0726,,,,2,18.15,PLAN025,,"W END, UPPER",,,,,,
450,450,450,450,,0727,,,,3,18.11,PLAN025,,MIDDLE,,,,,,
451,451,451,451,,0727,,,,4,18.19,PLAN025,,W END,,,,,,
452,452,452,452,,,,,,5,18.09,PLAN025,,SLAB,,,,,,
453,453,453,453,,0706,,,,6,17.99,PLAN025,,W END,,,,,,
454,454,454,454,,0706,,,,7,18.00,PLAN025,,E END,,,,,,
455,455,455,455,,0728,,,,1,18.04,PLAN025-OL1,,E,,,,,,
456,456,456,456,,0728,,,,2,18.08,PLAN025-OL1,,W,,,,,,
457,457,457,457,,0779,,,,3,18.16,PLAN025-OL1,,NW CORNER,,,,12/03/2006 00:00,,
458,458,458,458,,0778,,,,4,18.06,PLAN025-OL1,,NW EDGE,,,,,,
459,459,459,459,,0706,,,,5,18.04,PLAN025-OL1,,SANDSTONE PATCH,,,,,,
460,460,460,460,,,,,,18,16.72,PLAN026,,,,,,,,
461,461,461,461,,,,,,19,16.56,PLAN026,,,,,,,,
462,462,462,462,,,,,,20,16.60,PLAN026,,,,,,,,
463,463,463,463,,,,,,21,16.65,PLAN026,,,,,,,,
464,464,464,464,,,,,,22,16.69,PLAN026,,,,,,,,
465,465,465,465,,,,,,23,16.86,PLAN026,,,,,,,,
466,466,466,466,,,,,,24,16.63,PLAN026,,,,,,,,
467,467,467,467,,,,,,25,16.82,PLAN026,,,,,,,,
468,468,468,468,,,,,,26,16.61,PLAN026,,,,,,13/03/2006 00:00,,
469,469,469,469,,,,,,27,16.70,PLAN026,,,,,,,,
470,470,470,470,,,,,,28,16.58,PLAN026,,,,,,,,
471,471,471,471,,,,,,29,16.61,PLAN026,,,,,,,,
472,472,472,472,,,,,,30,16.65,PLAN026,,,,,,,,
473,473,473,473,,,,,,31,16.62,PLAN026,,,,,,,,
474,474,474,474,,,,,,32,16.56,PLAN026,,,,,,,,
475,475,475,475,,,,,,33,16.58,PLAN026,,,,,,,,
476,476,476,476,,,,,,34,16.62,PLAN026,,,,,,,,
477,477,477,477,,,,,,35,16.54,PLAN026,,,,,,,,
478,478,478,478,,,,,,36,16.55,PLAN026,,,,,,,,
479,479,479,479,,,,,,37,16.54,PLAN026,,,,,,,,
480,480,480,480,,,,,,1,18.17,PLAN027,,,,,,13/03/2006 00:00,,
481,481,481,481,,,,,,2,18.27,PLAN027,,,,,,,,
482,482,482,482,,,,,,3,18.18,PLAN027,,,,,,,,
483,483,483,483,,,,,,4,18.01,PLAN027,,,,,,,,
484,484,484,484,,,,,,5,18.31,PLAN027,,,,,,,,
485,485,485,485,,,,,,6,18.43,PLAN027,,,,,,,,
486,486,486,486,,,,,,7,18.22,PLAN027,,,,,,,,
487,487,487,487,,,,,,8,18.03,PLAN027,,,,,,,,
488,488,488,488,,,,,,9,17.76,PLAN027,,,,,,,,
489,489,489,489,,,,,,10,18.33,PLAN027,,,,,,,,
490,490,490,490,,,,,,11,17.69,PLAN027,,,,,,,,
491,491,491,491,,,,,,12,18.22,PLAN027,,,,,,,,
492,492,492,492,,,,,,13,17.56,PLAN027,,,,,,,,
493,493,493,493,,,,,,14,18.24,PLAN027,,,,,,,,
494,494,494,494,,,,,,15,18.69,PLAN027,,,,,,,,
495,495,495,495,,,,,,16,18.45,PLAN027,,,,,,,,
496,496,496,496,,,,,,17,18.53,PLAN027,,,,,,,,
497,497,497,497,,,,,,38,16.80,PLAN028,,,2,,,14/03/2006 00:00,,
498,498,498,498,,,,,,39,16.81,PLAN028,,,2,,,,,
499,499,499,499,,,,,,40,16.76,PLAN028,,,2,,,,,
500,500,500,500,,,,,,41,16.71,PLAN028,,,2,,,,,
501,501,501,501,,,,,,42,16.85,PLAN028,,,2,,,,,
502,502,502,502,,,,0058,,43,16.53,PLAN028,,,2,,,,,
503,503,503,503,,,,0058,,44,16.46,PLAN028,,,2,,,,,
504,504,504,504,,,,0058,,45,16.45,PLAN028,,,2,,,,,
505,505,505,505,,,,0058,,46,16.45,PLAN028,,,2,,,,,
506,506,506,506,,,JB,0058,,47,16.46,PLAN028,,BASE OF COFFIN JB CONTAINING SK0058,2,,,15/03/2006 00:00,,
507,507,507,507,,,JB,,,48,16.41,PLAN028,,BASE OF COFFIN JB CONTAINING SK0058,2,,,,,
508,508,508,508,,,JB,,,50,16.40,PLAN028,,BASE OF COFFIN JB CONTAINING SK0058,2,,,,,
509,509,509,509,,,,,,51,16.65,PLAN028,,,2,,,,,
510,510,510,510,,,,,,52,16.60,PLAN028,,,2,,,,,
511,511,511,511,,,,,,53,16.56,PLAN028,,,2,,,,,
512,512,512,512,,,,,,1,17.67,,SECTION005,NORTH,2,,,16/03/2006 00:00,,
513,513,513,513,,,,,,2,17.67,,SECTION005,SOUTH,2,,,,,
514,514,514,514,,,,,,1,18.18,PLAN030,,,2,,,17/03/2006 00:00,,
515,515,515,515,,,,,,2,18.19,PLAN030,,,2,,,,,
516,516,516,516,,,,,,3,18.18,PLAN030,,,0,,,,,
517,517,517,517,,,,,,4,18.10,PLAN030,,,0,,,,,
518,518,518,518,,,,,,5,18.14,PLAN030,,,0,,,,,
519,519,519,519,,,,,,6,18.22,PLAN030,,,0,,,,,
520,520,520,520,,,,,,7,18.25,PLAN030,,,0,,,,,
521,521,521,521,,,,,,8,18.25,PLAN030,,,0,,,,,
522,522,522,522,,,,,,9,18.03,PLAN030,,,0,,,,,
523,523,523,523,,,,,,10,17.96,PLAN030,,,0,,,,,
524,524,524,524,,,,,,11,18.09,PLAN030,,,0,,,,,
525,525,525,525,,,,,,12,18.30,PLAN030,,,0,,,,,
526,526,526,526,,,,,,13,18.15,PLAN030,,,0,,,,,
527,527,527,527,,,,,,14,18.46,PLAN030,,,0,,,,,
528,528,528,528,,,,,,15,18.47,PLAN030,,,0,,,,,
529,529,529,529,,,,,,16,18.60,PLAN030,,,0,,,,,
530,530,530,530,,,,,,17,18.58,PLAN030,,,0,,,,,
531,531,531,531,,,,,,18,18.51,PLAN030,,,0,,,,,
532,532,532,532,,,,,,19,18.58,PLAN030,,,0,,,,,
533,533,533,533,,,,,,20,18.93,PLAN030,,,0,,,,,
534,534,534,534,,,,,,21,18.54,PLAN030,,,0,,,,,
535,535,535,535,,,,,,22,18.28,PLAN030,,,0,,,,,
536,536,536,536,,,,,,23,19.33,PLAN030,,"MASON'S MARK, SOUTH WALL OF CHURCH, NEAR 9m MARK.",0,,,,,
537,537,537,537,,,,0061,,23,18.12,PLAN030,,,0,,,,,
538,538,538,538,,,,0061,,24,18.13,PLAN030,,,0,,,,,
539,539,539,539,,,,,,1,17.62,PLAN030,SECTION003,NORTH,2,,,02/03/2006 00:00,,
540,540,540,540,,,,,,2,17.62,PLAN030,SECTION003,SOUTH,0,,,,,
541,541,541,541,,,GZ,,,1,17.78,PLAN031,,"TOP OF COFFIN, WEST",2,,,20/03/2006 00:00,,
542,542,542,542,,,GZ,,,2,17.88,PLAN031,,"TOP OF COFFIN, EAST",0,,,,,
543,543,543,543,,,,0063,,0,17.81,PLAN031,,"SKULL, HIGHEST POINT",0,,,,NOT ON PLAN/SECTION,
544,544,544,544,,,,0063,,0,17.83,PLAN031,,"ANKLE JOINT, LEFT",0,,,,NOT ON PLAN/SECTION,
545,545,545,545,,,GY,,,0,17.83,PLAN031,,"COFFIN, W END",0,,,20/03/2006 00:00,NOT ON PLAN/SECTION,
546,546,546,546,,,GY,,,0,17.77,PLAN031,,"COFFIN, E END",0,,,,NOT ON PLAN/SECTION,
547,547,547,547,,,,0060,,0,17.74,PLAN031,,"SKULL, HIGHEST POINT",0,,,,NOT ON PLAN/SECTION,
548,548,548,548,,,,0060,,0,17.60,PLAN031,,"ANKLE JOINT, LEFT",0,,,,NOT ON PLAN/SECTION,
549,549,549,549,,,,0064,,1,17.82,PLAN029-OL1,,FEET,0,,,20/03/2006 00:00,,
550,550,550,550,,,,0064,,2,17.72,PLAN029-OL1,,KNEES,0,,,,,
551,551,551,551,,,,,,0,17.31,,SECTION010,,0,,,,,
552,552,552,552,,,,,,0,17.31,,SECTION010,,0,,,,,
553,553,553,553,,,,,,54,17.04,PLAN028,,,0,,,,,
554,554,554,554,,,,,,55,16.73,PLAN028,,,0,,,,,
555,555,555,555,,,,,,56,16.42,PLAN028,,,0,,,,,
556,556,556,556,,,,,,57,16.38,PLAN028,,,0,,,,,
557,557,557,557,,,,,,58,16.69,PLAN028,,,0,,,,,
558,558,558,558,,,,,,59,16.39,PLAN028,,,0,,,,,
559,559,559,559,,,,,,60,16.22,PLAN028,,,0,,,,,
560,560,560,560,,,,,,61,16.32,PLAN028,,,0,,,,,
561,561,561,561,,,,0062,,1,18.10,PLAN030,,HEAD,0,,,21/03/2006 00:00,DUPLICATE NUMBER,
562,562,562,562,,,,0062,,2,18.13,PLAN030,,ARMS,0,,,,DUPLICATE NUMBER,
563,563,563,563,,,,0062,,3,18.12,PLAN030,,PELVIS,0,,,,DUPLICATE NUMBER,
564,564,564,564,,,,0062,,4,18.11,PLAN030,,FEET,0,,,,DUPLICATE NUMBER,
565,565,565,565,,,,0065,,5,18.10,PLAN030,,ARM,0,,,,DUPLICATE NUMBER,
566,566,566,566,,,,0065,,6,18.09,PLAN030,,FEET,0,,,,DUPLICATE NUMBER,
567,567,567,567,,,,,,7,18.18,PLAN030,,INTERFACE BETWEEN 0808/0810,0,,,10/04/2006 00:00,DUPLICATE NUMBER,
568,568,568,568,,,GZ,,,3,17.64,PLAN031,,"COFFIN BOTTOM, WEST",0,,,21/03/2006 00:00,,
569,569,569,569,,,GZ,,,4,17.61,PLAN031,,"COFFIN BOTTOM, EAST",0,,,,,
570,570,570,570,,,GY,,,5,17.58,PLAN031,,"COFFIN BOTTOM, WEST",0,,,,,
571,571,571,571,,,GY,,,6,17.52,PLAN031,,"COFFIN BOTTOM, EAST",0,,,,,
572,572,572,572,,,,0071,,,,,,,0,,,22/03/2006 00:00,NO VALUES GIVEN,
573,573,573,573,,,,,,1,17.67,PLAN033,,,0,,,24/03/2006 00:00,,
574,574,574,574,,,,,,2,17.56,PLAN033,,,0,,,,,
575,575,575,575,,,,,,3,16.62,PLAN033,,,0,,,,,
576,576,576,576,,,,,,4,16.87,PLAN033,,,0,,,,,
577,577,577,577,,,,,,5,17.13,PLAN033,,,0,,,,,
578,578,578,578,,,,,,6,17.27,PLAN033,,,0,,,,,
579,579,579,579,,,,,,7,17.45,PLAN033,,,0,,,,,
580,580,580,580,,,,,,8,17.39,PLAN033,,,0,,,,,
581,581,581,581,,,,,,9,17.35,PLAN033,,,0,,,,,
582,582,582,582,,,,,,10,17.12,PLAN033,,,0,,,,,
583,583,583,583,,,,,,11,16.77,PLAN033,,,0,,,,,
584,584,584,584,,,,,,12,16.96,PLAN033,,,0,,,,,0397
585,585,585,585,,,,,,13,17.25,PLAN033,SECTION011,A - EAST,0,,,27/03/2006 00:00,,
586,586,586,586,,,,,,14,17.25,PLAN033,SECTION011,B - WEST,0,,,27/03/2006 00:00,,
587,587,587,587,,,,0084,,33,17.72,PLAN034,,FEET,0,,,27/03/2006 00:00,,
588,588,588,588,,,,0084,,34,17.72,PLAN034,,PELVIS,0,,,,,
589,589,589,589,,,,0085,,35,17.62,PLAN034,,SHOULDERS,0,,,,,
590,590,590,590,,,,0085,,36,17.68,PLAN034,,PELVIS,0,,,,,
591,591,591,591,,,,0086,,37,17.57,PLAN034,,HEAD,0,,,,,
592,592,592,592,,,,0086,,38,17.54,PLAN034,,ARMS,0,,,,,
593,593,593,593,,,,0086,,39,17.53,PLAN034,,PELVIS,0,,,,,
594,594,594,594,,,,0086,,40,17.54,PLAN034,,FEET,0,,,,,
595,595,595,595,,,,,,41,17.54,PLAN034,,1 - CORNER OF CEMENT TRENCH,0,,,,,
596,596,596,596,,,,,,42,17.67,PLAN034,,2 - CORNER OF CEMENT TRENCH,0,,,,,
597,597,597,597,,,,,,43,17.59,PLAN034,,3 - CORNER OF CEMENT TRENCH,0,,,,,
598,598,598,598,,,,,,44,17.61,PLAN034,,4 - CORNER OF CEMENT TRENCH,0,,,,,
599,599,599,599,,,,,,45,17.64,PLAN034,,5 - TOP SECTION OF COFFIN - FOOT END,0,,,,,
600,600,600,600,,,,,,46,17.49,PLAN034,,6 - FLOOR OF COFFIN - FOOT END,0,,,,,
601,601,601,601,,,,,,47,17.62,PLAN034,,7 - HEIGHT OF COFFIN SIDE - HEAD END,0,,,,,
602,602,602,602,,,,,,48,17.54,PLAN034,,8 - FLOOR OF COFFIN - HEAD END,0,,,,,
603,603,603,603,,,,0093,,49,17.56,PLAN034,,9 - HEIGHT OF LEG BONE,0,,,,,
604,604,604,604,,,,,,50,17.44,PLAN034,,10 - LOWEST POINT OF COFFIN - FOOT END,0,,,,,
605,605,605,605,,,,,,51,17.61,PLAN034,,11 - HIGHEST POINT OF COFFIN - HEAD END,0,,,,,
606,606,606,606,,,,,,52,,PLAN034,,12 - LOWEST PART OF COFFIN - HEAD END,0,,,,SEE LEVELS TAKEN PREVIOUSLY,
607,607,607,607,,,,0086,,53,,PLAN034,,13 - NAIL OF SK0086 - FOOT END,0,,,,SEE LEVELS TAKEN PREVIOUSLY,
608,608,608,608,,,,0086,,54,17.47,PLAN034,,14 - NAIL OF SK0086 - HEAD END,0,,,,,
609,609,609,609,,,,0086,,55,17.56,PLAN034,,15 - NAIL OF SK0086 - MIDDLE,0,,,,,
610,610,610,610,,,,0091,,56,17.10,PLAN034,,1 - SKULL,0,,,03/04/2006 00:00,,
611,611,611,611,,,,0091,,57,17.08,PLAN034,,2 - RIBS,0,,,,,
612,612,612,612,,,,0091,,58,17.04,PLAN034,,3 - PELVIS,0,,,,,
613,613,613,613,,,,0090,,59,16.94,PLAN034,,4 - SKULL,0,,,,,
614,614,614,614,,,,0090,,60,17.04,PLAN034,,5 - R ARM,0,,,,,
615,615,615,615,,,,0090,,61,16.86,PLAN034,,6 - L ARM,0,,,,,
616,616,616,616,,,,0090,,62,16.96,PLAN034,,7 - R PELVIS,0,,,,,
617,617,617,617,,,,0090,,63,16.86,PLAN034,,8 - L PELVIS,0,,,,,
618,618,618,618,,,,0090,,64,16.94,PLAN034,,9 - R FEMUR,0,,,,,
619,619,619,619,,,,0090,,65,16.88,PLAN034,,10 - L FEMUR,0,,,,,
620,620,620,620,,,,0075,,0,17.58,PLAN034,,HEAD - MANDIBLE,0,,,,NOT ON PLAN/SECTION,
621,621,621,621,,,,0075,,0,17.51,PLAN034,,PELVIS,0,,,,NOT ON PLAN/SECTION,
622,622,622,622,,,,0075,,0,17.52,PLAN034,,DISTAL FEMUR END,0,,,,NOT ON PLAN/SECTION,
623,623,623,623,,,JZ,,,7,17.40,PLAN031,,COFFIN BASE,0,,,,,
624,624,624,624,,,KB,,,8,17.46,PLAN031,,COFFIN BASE,0,,,,,
625,625,625,625,,,JV,,,9,17.55,PLAN031,,COFFIN BASE W END,0,,,,,
626,626,626,626,,,JV,,,10,17.49,PLAN031,,COFFIN BASE E END,0,,,,,
627,627,627,627,,,,0070,,,17.68,,,MIDDLE OF VERTEBRAE,0,,,,NOT ON PLAN/SECTION,
628,628,628,628,,,JT,,,11,17.67,PLAN031,,,0,,,,,
629,629,629,629,,,,0088,,66,16.48,PLAN034,,HEAD,0,,,29/03/2006 00:00,,
630,630,630,630,,,,0088,,67,16.60,PLAN034,,PELVIS,0,,,,,
631,631,631,631,,,,0088,,68,16.85,PLAN034,,FEET,0,,,,,
632,632,632,632,,,,0087,,69,17.45,PLAN034,,HEAD,0,,,,,
633,633,633,633,,,,0087,,70,17.39,PLAN034,,PELVIS,0,,,,,
634,634,634,634,,,,0087,,71,17.32,PLAN034,,FEET,0,,,,,
635,635,635,635,,,,0065,,72,17.86,PLAN034,,BABY STEWART,0,,,,CHECK LOCATION?,
636,636,636,636,,,,0068,,73,18.00,PLAN034,,BABY ALI,0,,,,CHECK LOCATION?,
637,637,637,637,,,,0085,,74,17.43,PLAN034,,NECK,0,,,,,
638,638,638,638,,,,0085,,75,17.52,PLAN034,,KNEES,0,,,,,
639,639,639,639,,,,,,1,16.84,PLAN037,,,0,,,29/03/2006 00:00,,
640,640,640,640,,,,,,2,16.94,PLAN037,,,0,,,,,
641,641,641,641,,,,,,3,17.52,PLAN037,,,0,,,,,
642,642,642,642,,,,,,4,17.20,PLAN037,,,0,,,,,
643,643,643,643,,,,,,5,17.40,PLAN037,,,0,,,,,
644,644,644,644,,,,,,6,17.60,PLAN037,,,0,,,,,
645,645,645,645,,,,,,7,17.32,PLAN037,,,0,,,,,
646,646,646,646,,,,,,8,17.54,PLAN037,,,0,,,,,
647,647,647,647,,,,,,9,16.84,PLAN037,,,0,,,,,
648,648,648,648,,,,,,10,17.54,PLAN037,,,0,,,,,
649,649,649,649,,,,,,11,17.70,PLAN037,,,0,,,,,
650,650,650,650,,,,0082,,1,17.28,PLAN029-OL2,,,0,,,,,
651,651,651,651,,,,0082,,2,17.26,PLAN029-OL2,,,0,,,,,
652,652,652,652,,,,0082,,3,17.28,PLAN029-OL2,,,0,,,,,
653,653,653,653,,0876,,,,1,17.90,PLAN034,,EAST,0,,,30/03/2006 00:00,,
654,654,654,654,,0876,,,,2,17.83,PLAN034,,WEST,0,,,,,
655,655,655,655,,,,0076,,0,17.76,,,R FOOT,0,,,,NOT ON PLAN/SECTION,
656,656,656,656,,,,,,12,17.79,PLAN031,,COFFIN TOP WEST,0,,,,,
657,657,657,657,,,,,,13,17.82,PLAN031,,COFFIN TOP EAST,0,,,,,
658,658,658,658,,,,,,14,17.71,PLAN031,,COFFIN BASE EAST,0,,,,,
659,659,659,659,,,,0079,,0,17.56,,,SKULL,0,,,,NOT ON PLAN/SECTION,
660,660,660,660,,,,0079,,0,17.54,,,PELVIS,0,,,,NOT ON PLAN/SECTION,
661,661,661,661,,,,0079,,0,17.52,,,ANKLE,0,,,,NOT ON PLAN/SECTION,
662,662,662,662,,,JY,,,15,17.63,PLAN031,,COFFIN TOP W,0,,,,,
663,663,663,663,,,JY,,,16,17.62,PLAN031,,COFFIN TOP N,0,,,,,
664,664,664,664,,,JY,,,17,17.57,PLAN031,,COFFIN TOP E,0,,,,,
665,665,665,665,,,JY,,,18,17.53,PLAN031,,COFFIN BASE W,0,,,,,
666,666,666,666,,,JY,,,19,17.51,PLAN031,,COFFIN BASE E,0,,,,,
667,667,667,667,,,,,,1,16.86,PLAN037-OL2,,,0,,,,,
668,668,668,668,,,,,,2,16.84,PLAN037-OL2,,,0,,,,,
669,669,669,669,,,,,,3,17.56,PLAN037-OL2,,,0,,,,,
670,670,670,670,,,,,,4,17.68,PLAN037-OL2,,,0,,,,,
671,671,671,671,,,,,,5,17.40,PLAN037-OL2,,,0,,,,,
672,672,672,672,,,,,,6,17.30,PLAN037-OL2,,,0,,,,,
673,673,673,673,,,,,,7,17.28,PLAN037-OL2,,,0,,,,,
674,674,674,674,,,,,,8,17.10,PLAN037-OL2,,,0,,,,,
675,675,675,675,,,,,,9,17.20,PLAN037-OL2,,,0,,,,,
676,676,676,676,,,,,,10,17.06,PLAN037-OL2,,,0,,,,,
677,677,677,677,,,,,,11,17.04,PLAN037-OL2,,,0,,,,,
678,678,678,678,,,,,,12,17.26,PLAN037-OL2,,,0,,,,,
679,679,679,679,,,,,,13,17.40,PLAN037-OL2,,,0,,,,,
680,680,680,680,,,,,,14,17.38,PLAN037-OL2,,,0,,,,,
681,681,681,681,,,,,,15,17.60,PLAN037-OL2,,,0,,,,,
682,682,682,682,,,,,,16,17.38,PLAN037-OL2,,,0,,,,,
683,683,683,683,,,,,,17,17.32,PLAN037-OL2,,,0,,,,,
684,684,684,684,,,,,,18,17.14,PLAN037-OL2,,,0,,,,,
685,685,685,685,,,,0102,,3,17.92,PLAN034,,HEAD,0,,,31/03/2006 00:00,,
686,686,686,686,,,,0102,,4,17.84,PLAN034,,PELVIS,0,,,,,
687,687,687,687,,,,0102,,5,17.86,PLAN034,,ELBOW,0,,,,,
688,688,688,688,,,,0102,,6,17.94,PLAN034,,FEET,0,,,,,
689,689,689,689,,,,0104,,7,18.28,PLAN034,,PELVIS,0,,,,,
690,690,690,690,,,,0104,,8,17.54,PLAN034,,KNEE,0,,,,,
691,691,691,691,,,,0103,,9,17.78,PLAN034,,SHOULDER,0,,,,,
692,692,692,692,,,,0103,,10,17.77,PLAN034,,PELVIS,0,,,,,
693,693,693,693,,,,0103,,11,17.77,PLAN034,,KNEE,0,,,,,
694,694,694,694,,,,0103,,12,17.74,PLAN034,,FOOT,0,,,,DUPLICATE,
695,695,695,695,,,,0092,,13,18.02,PLAN034,,HEAD,0,,,,DUPLICATE,
696,696,696,696,,,,0092,,14,17.96,PLAN034,,PELVIS,0,,,,DUPLICATE,
697,697,697,697,,,,0101,,15,17.92,PLAN034,,PELVIS,0,,,,DUPLICATE,
698,698,698,698,,,,0105,,16,17.74,PLAN034,,PELVIS,,,,,DUPLICATE,
699,699,699,699,,,,0105,,17,17.80,PLAN034,,HAND,,,,,DUPLICATE,
700,700,700,700,,,,0105,,18,17.74,PLAN034,,KNEE,,,,,DUPLICATE,
701,701,701,701,,,,0105,,19,17.64,PLAN034,,ANKLE,,,,,DUPLICATE,
702,702,702,702,,,KK,,,20,17.58,PLAN031,,COFFIN BASE UNDER HEAD SK0096,,,,03/04/2006 00:00,,
703,703,703,703,,,KK,,,21,17.55,PLAN031,,COFFIN BASE UNDER PELVIS SK0096,,,,03/04/2006 00:00,,
704,704,704,704,,,,,,1,16.77,,,,,,,31/03/2006 00:00,,
705,705,705,705,,,,,,2,16.90,,,,,,,,,
706,706,706,706,,,,,,3,17.36,,,,,,,,,
707,707,707,707,,,,,,4,17.37,,,,,,,,,
708,708,708,708,,,,,,,17.66,,,,,,,03/04/2006 00:00,,
709,709,709,709,,,,0107,,86,17.47,PLAN034,,HEAD,,,,,DUPLICATE,
710,710,710,710,,,,0107,,87,17.25,PLAN034,,PELVIS,,,,,DUPLICATE,
711,711,711,711,,,,0107,,88,17.46,PLAN034,,FEET,,,,,DUPLICATE,
712,712,712,712,,,KL,,,20,17.46,PLAN034,,"BOTTOM, WEST",,,,,,
713,713,713,713,,,KL,,,21,17.43,PLAN034,,"BOTTOM, EAST",,,,,,
714,714,714,714,,,,0106,,76,17.19,PLAN034,,"HEAD, NORTH",,,,,,
715,715,715,715,,,,0106,,77,17.13,PLAN034,,"NAILS FOR HEAD, SOUTH",,,,,,
716,716,716,716,,,,0106,,78,17.22,PLAN034,,"FEET, NORTH",,,,,,
717,717,717,717,,,,0106,,79,17.14,PLAN034,,"FEET, SOUTH",,,,,,
718,718,718,718,,,,0110,,80,17.03,PLAN034,,"NAILS, HEAD, NORTH",,,,04/04/2006 00:00,,
719,719,719,719,,,,0110,,81,17.07,PLAN034,,"NAILS, HEAD, SOUTH",,,,,,
720,720,720,720,,,,0110,,82,17.11,PLAN034,,"NAILS, FEET, SOUTH",,,,,,
721,721,721,721,,,,0093,,83,17.45,PLAN034,,"NAILS, HEAD, NORTH",,,,,,
722,722,722,722,,,,0093,,84,17.49,PLAN034,,"NAILS, HEAD, SOUTH",,,,,,
723,723,723,723,,,,0093,,85,17.42,PLAN034,,FEET,,,,,,
724,724,724,724,,,,0111,,,17.29,PLAN046,,KNEE,,,,03/04/2006 00:00,,
725,725,725,725,,,,0111,,,17.32,PLAN046,,TOE,,,,,,
726,726,726,726,,,ME,0108,,86,17.30,PLAN034,,HEAD,,,,,DUPLICATE,
727,727,727,727,,,ME,0108,,87,17.29,PLAN034,,KNEE,,,,,DUPLICATE,
728,728,728,728,,,ME,0108,,88,17.26,PLAN034,,TOE,,,,,DUPLICATE,
729,729,729,729,,,,0077,,,17.70,,,HUMERAL HEAD,,,,,NOT ON PLAN/SECTION,
730,730,730,730,,,,0077,,,17.71,,,LEFT FOOT,,,,,NOT ON PLAN/SECTION,
731,731,731,731,,,JW,,,1,17.69,PLAN031-OL3,,"COFFIN TOP, EAST",,,,,,
732,732,732,732,,,JW,,,2,17.64,PLAN031-OL3,,"COFFIN BASE, WEST",,,,,,
733,733,733,733,,,JW,,,3,17.61,PLAN031-OL3,,"COFFIN BASE, EAST",,,,,,
734,734,734,734,,,,0113,B0113,89,17.57,PLAN034,,LEFT FOOT,,,,,,
735,735,735,735,,,,0113,B0113,90,17.53,PLAN034,,RIGHT FOOT,,,,,,
736,736,736,736,,,,,,1,17.29,PLAN044,,,,,,05/04/2006 00:00,,
737,737,737,737,,,,,,2,17.47,PLAN044,,,,,,,,
738,738,738,738,,,,,,3,17.32,PLAN044,,,,,,,,
739,739,739,739,,,,,,4,17.43,PLAN044,,,,,,,,
740,740,740,740,,,,,,5,17.69,PLAN044,,,,,,,,
741,741,741,741,,,,,,6,17.69,PLAN044,,,,,,,,
742,742,742,742,,,,,,7,17.25,PLAN044,,,,,,,,
743,743,743,743,,,,,,1,16.70,PLAN045-OL1,,ET6,,,,,,
744,744,744,744,,,,,,2,17.21,PLAN045-OL1,,ET6,,,,,,
745,745,745,745,,,,,,3,17.00,PLAN045-OL1,,ET6,,,,,,
746,746,746,746,,,,,,4,16.82,PLAN045-OL1,,ET6,,,,,,
747,747,747,747,,,,,,5,16.99,PLAN045-OL1,,ET6,,,,,,
748,748,748,748,,,,,,6,17.02,PLAN045-OL1,,ET6,,,,,,
749,749,749,749,,,,,,7,17.31,PLAN045-OL1,,ET6,,,,,,
750,750,750,750,,0840,,,,22,17.80,PLAN031,,E END,,,,,,
751,751,751,751,,0840,,,,23,17.82,PLAN031,,W END,,,,,,
752,752,752,752,,0901,LC,0098,B0098,24,17.61,PLAN031,,BETWEEN TOES,,,,,,
753,753,753,753,,0901,LC,,B0098,25,17.62,PLAN031,,W END ON STONES,,,,,,
754,754,754,754,,0869,LD,,,26,17.69,PLAN031,,"TOP, WEST END",,,,05/04/2006 00:00,,
755,755,755,755,,0782,,,,27,17.80,PLAN031,,TOP S OF JS,,,,,,
756,756,756,756,,,LE,,,28,18.07,PLAN031,,TOP,,,,,,
757,757,757,757,,,KG,,,29,17.93,PLAN031,,TOP,,,,,,
758,758,758,758,,,KI,,,30,17.44,PLAN031,,"BASE OF COFFIN FOR SK0095, WEST",,,,,,
759,759,759,759,,,KI,,,31,17.48,PLAN031,,"BASE OF COFFIN FOR SK0095, EAST",,,,,,
760,760,760,760,,,KI,,,32,17.70,PLAN031,,"TOP OF COFFIN FOR SK0095, WEST",,,,,,
761,761,761,761,,,JX,,,33,17.45,PLAN031,,TOP W END,,,,,,
762,762,762,762,,,JX,,,34,17.56,PLAN031,,TOP E END,,,,,,
763,763,763,763,,,,0099,B0099,35,17.37,,,TOP OF UPMOST VERTEBRA,,,,,NOT ON PLAN/SECTION,
764,764,764,764,,,KC,,,36,17.61,PLAN031,,"TOP OF COFFIN, WEST",,,,,,
765,765,765,765,,,KC,,,37,17.56,PLAN031,,"TOP OF COFFIN, EAST",,,,,,
766,766,766,766,,,,0097,B0097,38,17.58,PLAN031,,TOP OF SKULL,,,,,,
767,767,767,767,,,,0097,B0097,39,17.46,PLAN031,,TOP OF PELVIS,,,,,,
768,768,768,768,,,,0097,B0097,40,17.46,PLAN031,,TOP OF FEET,,,,,,
769,769,769,769,,,,,,1,16.21,PLAN047,,,,,,,,
770,770,770,770,,,,,,2,16.50,PLAN047,,,,,,,,
771,771,771,771,,,MC,,,1,16.99,PLAN009-OL2,,COFFIN,,,,,,
772,772,772,772,,,MC,,,2,16.77,PLAN009-OL2,,COFFIN,,,,,,
773,773,773,773,,,MC,,,3,16.72,PLAN009-OL2,,COFFIN,,,,,,
774,774,774,774,,,MC,,,4,16.71,PLAN009-OL2,,COFFIN,,,,,,
775,775,775,775,,,MC,,,5,16.91,PLAN009-OL2,,COFFIN,,,,,,
776,776,776,776,,,MC,,,6,16.82,PLAN009-OL2,,COFFIN,,,,,,
777,777,777,777,,,MC,,,7,16.84,PLAN009-OL2,,COFFIN,,,,,,
778,778,778,778,,,,0094,B0094,,17.73,,,R HUMERAL HEAD - SHOULDER,,,,07/04/2006 00:00,OUTLINED IN PLAN 031,
779,779,779,779,,,,0094,B0094,,17.68,,,R HAND,,,,,OUTLINED IN PLAN 031,
780,780,780,780,,,,0094,B0094,,17.72,,,R FOOT,,,,,OUTLINED IN PLAN 031,
781,781,781,781,,,,,,1,16.75,PLAN0049,,,,,,,,
782,782,782,782,,,,,,2,17.03,PLAN0049,,,,,,,,
783,783,783,783,,,,,,3,16.93,PLAN0049,,,,,,,,
784,784,784,784,,,,,,4,16.92,PLAN0049,,,,,,,,
785,785,785,785,,,,,,5,16.16,PLAN0049,,,,,,,,
786,786,786,786,,,,,,6,17.35,PLAN0049,,,,,,,,
787,787,787,787,,,,,,7,16.95,PLAN0049,,,,,,,,
788,788,788,788,,1111,,,,1,16.82,PLAN046,,ET4,,,,05/04/2006 00:00,,
789,789,789,789,,1111,,,,2,16.83,PLAN046,,ET4,,,,,,
790,790,790,790,,1111,,,,3,16.72,PLAN046,,ET4,,,,,,
791,791,791,791,,0894,,,,4,16.72,PLAN046,,ET4,,,,,,
792,792,792,792,,0875,,,,1,17.13,PLAN009-OL1,,,,,,,,
793,793,793,793,,0875,,,,2,17.02,PLAN009-OL1,,,,,,,,
794,794,794,794,,0875,,,,3,17.10,PLAN009-OL1,,,,,,,,
795,795,795,795,,0849,,,,4,16.78,PLAN009-OL1,,,,,,,,
796,796,796,796,,0849,,,,5,16.85,PLAN009-OL1,,,,,,,,
797,797,797,797,,,MC,,,6,17.03,PLAN009-OL1,,,,,,,,
798,798,798,798,,,MC,,,7,16.79,PLAN009-OL1,,,,,,,,
799,799,799,799,,,MC,,,8,16.93,PLAN009-OL1,,,,,,,,
800,800,800,800,,,MQ,,B0102,22,17.79,PLAN034,,TOP OF GRAVE CUT,,,,06/04/2006 00:00,,
801,801,801,801,,,MQ,,B0102,23,17.55,PLAN034,,MIDDLE OF GRAVE CUT,,,,,,
802,802,802,802,,,MQ,,B0102,24,17.52,PLAN034,,BOTTOM OF GRAVE CUT,,,,,,
803,803,803,803,,,MT,,,25,17.81,PLAN034,,FEATURE AT END OF GRAVE CUT,,,,,,
804,804,804,804,,,,,,26,17.79,PLAN034,,END OF WALL,,,,,,
805,805,805,805,,,MS,,,27,17.90,PLAN034,,TOP OF COFFIN ON RAISED LEVEL,,,,,,
806,806,806,806,,,MS,,,28,17.83,PLAN034,,BOTTOM OF COFFIN ON RAISED LEVEL,,,,,,
807,807,807,807,,,MR,,B0104,29,17.29,PLAN034,,TOP OF GRAVE CUT,,,,,,
808,808,808,808,,,MR,,B0104,30,17.36,PLAN034,,MIDDLE OF GRAVE CUT,,,,,,
809,809,809,809,,,MR,,B0104,31,17.43,PLAN034,,BOTTOM OF GRAVE CUT,,,,,,
810,810,810,810,,,MA,,,32,17.88,PLAN034,,STONE TOP OF GRAVE CUT,,,,,,
811,811,811,811,,,,,,1,17.65,PLAN048,,ET5,,,,07/04/2006 00:00,,
812,812,812,812,,,,,,2,17.63,PLAN048,,,,,,,,
813,813,813,813,,,,,,3,17.65,PLAN048,,,,,,,,
814,814,814,814,,,,,,4,16.95,PLAN048,,,,,,,,
815,815,815,815,,,,,,5,16.89,PLAN048,,,,,,,,
816,816,816,816,,,,,,6,16.91,PLAN048,,,,,,,,
817,817,817,817,,,,,,7,16.99,PLAN048,,,,,,,,
818,818,818,818,,,,,,8,16.97,PLAN048,,,,,,,,
819,819,819,819,,,,,,9,16.91,PLAN048,,,,,,,,
820,820,820,820,,,,,,10,16.93,PLAN048,,,,,,,,
821,821,821,821,,,,,,11,16.87,PLAN048,,,,,,,,
822,822,822,822,,,,,,12,16.94,PLAN048,,,,,,,,
823,823,823,823,,,,,,13,16.87,PLAN048,,,,,,,,
824,824,824,824,,,,,,14,17.05,PLAN048,,,,,,,,
825,825,825,825,,,,,,15,17.09,PLAN048,,,,,,,,
826,826,826,826,,,,,,16,17.19,PLAN048,,,,,,,,
827,827,827,827,,,,,,17,17.63,PLAN048,,,,,,,,
828,828,828,828,,,,,,18,17.01,PLAN048,,,,,,,,
829,829,829,829,,,,,,,17.74,,SECTION012,NORTH NAIL,,,,,,
830,830,830,830,,,,,,,17.73,,SECTION012,SOUTH NAIL,,,,,,
831,831,831,831,,,,,,,17.65,,SECTION012,WEST NAIL,,,,,,
832,832,832,832,,,,,,,17.61,,SECTION012,EAST NAIL,,,,,,
833,833,833,833,,,,,,1,17.55,,SECTION013,NORTH NAIL,,,,,,
834,834,834,834,,,,,,2,17.57,,SECTION013,SOUTH NAIL,,,,,,
835,835,835,835,,,,0098,B0098,1,17.63,PLAN031-OL4,,HIGHEST POINT ON SKULL,,,,10/04/2006 00:00,,
836,836,836,836,,,,0098,B0098,2,17.53,PLAN031-OL4,,HIGHEST POINT ON PELVIS,,,,,,
837,837,837,837,,,,0098,B0098,3,17.56,PLAN031-OL4,,HIGHEST POINT ON L BIG TOE,,,,,,
838,838,838,838,,,,0078,B0078,,17.28,,,HIGHEST POINT ON SKULL,,,,,NOT ON PLAN/SECTION,
839,839,839,839,,,,0078,B0078,,17.41,,,HIGHEST POINT ON PELVIS,,,,,NOT ON PLAN/SECTION,
840,840,840,840,,,,0078,B0078,,17.51,,,HIGHEST POINT ON FEET,,,,,NOT ON PLAN/SECTION,
841,841,841,841,,,,0117,B0117,91,17.84,PLAN034,,HEAD,,,,,,
842,842,842,842,,,,0117,B0117,92,17.83,PLAN034,,PELVIS,,,,,,
843,843,843,843,,,,0117,B0117,93,17.80,PLAN034,,FEET,,,,,,
844,844,844,844,,,,0118,B0118,,17.14,PLAN050,,HEAD,,,,,,
845,845,845,845,,,,0118,B0118,,17.17,PLAN050,,ARMS,,,,,,
846,846,846,846,,,,0118,B0118,,17.15,PLAN050,,PELVIS,,,,,,
847,847,847,847,,,,0118,B0118,,17.18,PLAN050,,FEET,,,,,,
848,848,848,848,,,,0116,B0116,1,16.84,PLAN009-OL3,,FEET,,,,,,
849,849,849,849,,,,0116,B0116,2,16.81,PLAN009-OL3,,PELVIS,,,,,,
850,850,850,850,,,,0116,B0116,3,16.75,PLAN009-OL3,,PELVIS,,,,,,
851,851,851,851,,,,0116,B0116,4,16.83,PLAN009-OL3,,SKULL,,,,,,
852,852,852,852,,,MC,,B0116,5,16.83,PLAN009-OL3,,"WEST EDGE OF COFFIN, TOP",,,,,,
853,853,853,853,,,MC,,B0116,6,16.70,PLAN009-OL3,,SHAVINGS ?ADJACENT? TO SKULL,,,,,,
854,854,854,854,,,,0116,B0116,7,16.78,PLAN009-OL3,,TORSO,,,,,,
855,855,855,855,,,,,B0116,8,16.83,PLAN009-OL3,,PHOTO NAIL 1,,,,,,
856,856,856,856,,,,,B0116,9,16.95,PLAN009-OL3,,PHOTO NAIL 2,,,,,,
857,857,857,857,,,,,B0116,10,17.00,PLAN009-OL3,,PHOTO NAIL 3,,,,,,
858,858,858,858,,,,,,1,17.28,PLAN048-OL1,,,,,,,,
859,859,859,859,,,,,,2,17.34,PLAN048-OL1,,,,,,,,
860,860,860,860,,,,,,3,17.30,PLAN048-OL1,,,,,,,,
861,861,861,861,,,,,,4,17.23,PLAN048-OL1,,,,,,,,
862,862,862,862,,,,,,5,17.23,PLAN048-OL1,,,,,,,,
863,863,863,863,,,,,,6,17.14,PLAN048-OL1,,,,,,,,
864,864,864,864,,,,,,7,17.14,PLAN048-OL1,,,,,,,,
865,865,865,865,,,,,,8,17.38,PLAN048-OL1,,,,,,,,
866,866,866,866,,,,,,9,17.30,PLAN048-OL1,,,,,,,,
867,867,867,867,,,,,,10,17.20,PLAN048-OL1,,,,,,,,
868,868,868,868,,,,,,11,17.80,PLAN048-OL1,,,,,,,,
869,869,869,869,,,,0071,B0071,5,18.06,PLAN050,,PELVIS,,,,11/04/2006 00:00,,
870,870,870,870,,,,0119,B0119,6,18.04,PLAN050,,SKULL,,,,,,
871,871,871,871,,,,0119,B0119,7,18.00,PLAN050,,PELVIS,,,,,,
872,872,872,872,,,,,B0069,8,17.56,PLAN050,,HEAD END OF COFFIN,,,,12/04/2006 00:00,,
873,873,873,873,,,,,B0069,9,17.60,PLAN050,,FOOT END OF COFFIN,,,,12/04/2006 00:00,,
874,874,874,874,,,,,,10,18.16,PLAN050,,INTERFACE BETWEEN 0810 & 0808,,,,,DUPLICATE,
875,875,875,875,,,,,,1,16.72,PLAN048-OL2,,,,,,11/04/2006 00:00,,
876,876,876,876,,,,,,2,16.66,PLAN048-OL2,,,,,,,,
877,877,877,877,,,,,,3,16.63,PLAN048-OL2,,,,,,,,
878,878,878,878,,,,,,4,16.64,PLAN048-OL2,,,,,,,,
879,879,879,879,,,,,,5,16.62,PLAN048-OL2,,,,,,,,
880,880,880,880,,,,,,6,16.63,PLAN048-OL2,,,,,,,,
881,881,881,881,,,,,,7,16.62,PLAN048-OL2,,,,,,,,
882,882,882,882,,,,,,8,16.63,PLAN048-OL2,,,,,,,,
883,883,883,883,,,,,,9,16.65,PLAN048-OL2,,,,,,,,
884,884,884,884,,,,,,10,16.65,PLAN048-OL2,,,,,,,,
885,885,885,885,,,,,,11,16.59,PLAN048-OL2,,,,,,,,
886,886,886,886,,,,,,12,16.74,PLAN048-OL2,,,,,,,,
887,887,887,887,,,,,,13,16.79,PLAN048-OL2,,,,,,,,
888,888,888,888,,,,,,14,16.89,PLAN048-OL2,,,,,,,,
889,889,889,889,,,NK,,,1,17.73,PLAN038,,MORTAR OF NK,,,,,,
890,890,890,890,,,,,,2,17.55,PLAN038,,R SIDE OF STONE,,,,,,
891,891,891,891,,,,,,3,17.61,PLAN038,,L SIDE OF STONE,,,,,,
892,892,892,892,,,,,,4,17.57,PLAN038,,CENTRAL LEVEL BETWEEN MORTAR,,,,,,
893,893,893,893,,,NL,,,5,17.72,PLAN038,,TOP OF MORTAR NL,,,,,,
894,894,894,894,,,NL,,,6,17.72,PLAN038,,BOTTOM OF MORTAR NL,,,,,,
895,895,895,895,,,,,,7,17.57,PLAN038,,LEFT SIDE TOP BESIDE NL,,,,,,
896,896,896,896,,,,,,8,17.53,PLAN038,,LEFT SIDE BOTTOM BESIDE NL,,,,,,
897,897,897,897,,,,,,9,17.55,PLAN038,,MIDDLE ADJACENT TO ET5,,,,,,
898,898,898,898,,,,,,10,17.60,PLAN038,,CORNER BESIDE ET5,,,,,,
899,899,899,899,,,,,,11,17.59,PLAN038,,BETWEEN KW & NK,,,,,,
900,900,900,900,,,,,,12,17.61,PLAN038,,CORNER BESIDE KX,,,,,,
901,901,901,901,,,,,,13,17.64,PLAN038,,,,,,,,
902,902,902,902,,,,,,14,17.67,PLAN038,,,,,,,,
903,903,903,903,,,,,,15,17.70,PLAN038,,,,,,,,
904,904,904,904,,,,,,16,17.82,PLAN038,,,,,,,,
905,905,905,905,,,NJ,,,94,17.13,PLAN034,,,,,,,,
906,906,906,906,,,NJ,,,95,17.12,PLAN034,,,,,,,,
907,907,907,907,,,NJ,,,96,17.18,PLAN034,,,,,,,,
908,908,908,908,,,,,,1,17.57,,SECTION003-OL1,DRAWING POINTS,,,,12/04/2006 00:00,,
909,909,909,909,,,,,,2,17.57,,SECTION003-OL1,DRAWING POINTS,,,,12/04/2006 00:00,,
910,910,910,910,,,,,,1,16.63,PLAN048-OL3,,,,,,,,
911,911,911,911,,,,,,2,16.66,PLAN048-OL3,,,,,,,,
912,912,912,912,,,,,,1,16.52,PLAN052 (PLAN048-OL3),,,,,,13/04/2006 00:00,,
913,913,913,913,,,,,,2,16.49,PLAN052 (PLAN048-OL3),,,,,,,,
914,914,914,914,,,,,,3,16.43,PLAN052 (PLAN048-OL3),,,,,,,,
915,915,915,915,,,,,,4,16.46,PLAN052 (PLAN048-OL3),,,,,,,,
916,916,916,916,,,,0084,,41,17.64,PLAN031,,"HEAD, WEST",,,,12/04/2006 00:00,,
917,917,917,917,,,,0084,,42,17.63,PLAN031,,"TORSO, EAST",,,,,,
918,918,918,918,,,,,,43,17.70,PLAN031,,WEST OF COFFIN LA,,,,,,
919,919,919,919,,,,,,1,17.22,,SECTION005-OL1,DRAWING POINT,,,,13/04/2006 00:00,,
920,920,920,920,,,,,,2,17.22,,SECTION005-OL1,DRAWING POINT,,,,13/04/2006 00:00,,
921,921,921,921,,,,,,,17.62,,SECTION014,NORTH NAIL,,,,,,
922,922,922,922,,,,,,,17.63,,SECTION014,SOUTH NAIL,,,,,,
923,923,923,923,,,,,,,17.05,,SECTION016,NORTH NAIL,,,,,,
924,924,924,924,,,,,,,17.05,,SECTION016,SOUTH NAIL,,,,,,
925,925,925,925,,,,,,1,17.17,,SECTION017,DRAWING POINT,,,,,,
926,926,926,926,,,,,,2,17.17,,SECTION017,DRAWING POINT,,,,,,
927,927,927,927,,,,,,10,18.05,PLAN050,,,,,,19/04/2006 00:00,DUPLICATE,
928,928,928,928,,,,,,11,17.54,PLAN050,,,,,,,,
929,929,929,929,,,,,,12,17.51,PLAN050,,,,,,,,
930,930,930,930,,,,,,13,17.53,PLAN050,,,,,,,,
931,931,931,931,,,,,,14,17.54,PLAN050,,,,,,,,
932,932,932,932,,,,,,15,,PLAN050,,,,,,,PILLAR IN WAY,
933,933,933,933,,,,,,16,17.61,PLAN050,,,,,,,,
934,934,934,934,,,,,,17,17.64,PLAN050,,,,,,,,
935,935,935,935,,,,0138,B0138,18,18.11,PLAN050,,SKULL AREA,,,,,,
936,936,936,936,,,,,B0137,19,17.38,PLAN050,,NAIL TOP R,,,,24/04/2006 00:00,,
937,937,937,937,,,,,B0137,20,17.35,PLAN050,,NAIL TOP L,,,,,,
938,938,938,938,,,,,B0137,21,17.37,PLAN050,,NAIL FOOT,,,,,,
939,939,939,939,,,,,B0145,22,17.87,PLAN050,,NAIL TOP R,,,,25/04/2006 00:00,,
940,940,940,940,,,,,B0145,23,17.83,PLAN050,,NAIL TOP L,,,,,,
941,941,941,941,,,,,B0145,24,17.78,PLAN050,,NAIL AT FEET,,,,,,
942,942,942,942,,,,,,25,17.85,PLAN050,,COIN,,,,,,462
943,943,943,943,,,,,,1,17.37,PLAN044-OL1,,,,,,19/04/2006 00:00,,
944,944,944,944,,,,,,2,17.34,PLAN044-OL1,,,,,,,,
945,945,945,945,,,,,,3,17.31,PLAN044-OL1,,,,,,,,
946,946,946,946,,,,,,4,17.33,PLAN044-OL1,,,,,,,,
947,947,947,947,,,,,,5,17.33,PLAN044-OL1,,,,,,,,
948,948,948,948,,,,,,6,17.32,PLAN044-OL1,,,,,,,,
949,949,949,949,,,,0135,B0135,,16.87,,,HEAD,,,,,,
950,950,950,950,,,,0135,B0135,,16.83,,,ARM,,,,,,
951,951,951,951,,,,0135,B0135,,16.91,,,PELVIS,,,,,,
952,952,952,952,,,,0135,B0135,,16.82,,,FEET,,,,,,
953,953,953,953,,,,,,1,17.48,PLAN054,,TOP - STONE OVER 1151,,,,20/04/2006 00:00,,
954,954,954,954,,,,,,2,17.24,PLAN054,,BOTTOM - STONE OVER 1151,,,,,,
955,955,955,955,,,,,,,17.99,,SECTION018,LINE LEVEL,,,,,,
956,956,956,956,,,,,,3,17.42,PLAN054,,,,,,,,
957,957,957,957,,0822,,,,4,17.25,PLAN054,,BOTTOM,,,,,,
958,958,958,958,,0822,,,,5,17.24,PLAN054,,BOTTOM,,,,,,
959,959,959,959,,1134,,,,6,17.31,PLAN054,,,,,,,,
960,960,960,960,,1134,,,,7,17.38,PLAN054,,,,,,,,
961,961,961,961,,0822,,,,8,17.32,PLAN054,,TOP,,,,,,
962,962,962,962,,,,0120,B0120,44,17.84,PLAN031,,HEAD,,,,,,
963,963,963,963,,,,0120,B0120,45,17.79,PLAN031,,PELVIS,,,,,,
964,964,964,964,,,,0120,B0120,46,17.81,PLAN031,,FEET,,,,,,
965,965,965,965,,0914,,,,47,17.87,PLAN031,,,,,,,,
966,966,966,966,,,LM,,,48,17.79,PLAN031,,,,,,,,
967,967,967,967,,,,,,49,17.68,PLAN031,,COFFIN LID - HEAD,,,,,NOT ON PLAN/SECTION,
968,968,968,968,,,,,,50,17.74,PLAN031,,COFFIN LID - PELVIS,,,,,NOT ON PLAN/SECTION,
969,969,969,969,,,,,,51,17.88,PLAN031,,COFFIN LID -,,,,,NOT ON PLAN/SECTION,
970,970,970,970,,,,,,52,17.57,PLAN031,,HEAD,,,,,NOT ON PLAN/SECTION,
971,971,971,971,,,,,,53,17.64,PLAN031,,PELVIS,,,,,NOT ON PLAN/SECTION,
972,972,972,972,,,,,,54,17.84,PLAN031,,FEET,,,,,NOT ON PLAN/SECTION,
973,973,973,973,,,,,,55,17.53,PLAN031,,COFFIN BASE - HEAD,,,,,NOT ON PLAN/SECTION,
974,974,974,974,,,,,,56,17.63,PLAN031,,COFFIN BASE - PELVIS,,,,,NOT ON PLAN/SECTION,
975,975,975,975,,,,,,57,17.84,PLAN031,,COFFIN BASE - FEET,,,,,NOT ON PLAN/SECTION,
976,976,976,976,,,,,B0140,1,17.71,,,COFFIN EDGE,,,,21/04/2006 00:00,,
977,977,977,977,,,,,B0140,2,17.69,,,COFFIN EDGE,,,,,,
978,978,978,978,,,,,B0140,3,17.73,,,WESTERMOST EDGE,,,,,,
979,979,979,979,,,,,B0140,4,17.69,,,?,,,,,,
980,980,980,980,,,,,,5,17.65,,,,,,,,,
981,981,981,981,,,,,,1,17.24,PLAN054-OL1,,OVER ? STONE,,,,,,
982,982,982,982,,,,,,2,17.47,PLAN054-OL1,,TOP ?,,,,,,
983,983,983,983,,,,,,3,17.23,PLAN054-OL1,,EDGE OF,,,,,,
984,984,984,984,,0818,,,,4,17.19,PLAN054-OL1,,,,,,,,
985,985,985,985,,,,,,5,16.83,PLAN054-OL1,,,,,,,,466
986,986,986,986,,,,,,1,17.09,PLAN056,,,,,,24/04/2006 00:00,,
987,987,987,987,,,,,,2,17.06,PLAN056,,,,,,,,
988,988,988,988,,,,,,1,16.90,PLAN057,,,,,,,,
989,989,989,989,,,,,,2,16.92,PLAN057,,,,,,,,
990,990,990,990,,,,,,3,16.90,PLAN057,,,,,,,,
991,991,991,991,,,,,,1,16.76,PLAN058,,,,,,,,
992,992,992,992,,,,,,2,16.66,PLAN058,,,,,,,,
993,993,993,993,,,,,,1,16.41,PLAN053-OL2,,,,,,,,
994,994,994,994,,,,,,2,16.51,PLAN053-OL2,,,,,,,,
995,995,995,995,,,,,,3,16.48,PLAN053-OL2,,,,,,,,
996,996,996,996,,,,,,4,16.47,PLAN053-OL2,,,,,,,,
997,997,997,997,,,,,,5,16.47,PLAN053-OL2,,,,,,,,
998,998,998,998,,,,,,6,16.96,PLAN053-OL2,,,,,,,,
999,999,999,999,,,,0141,B0141,25,18.00,PLAN050,,SKULL,,,,25/04/2006 00:00,,
1000,1000,1000,1000,,,,0141,B0141,26,17.92,PLAN050,,PELVIS,,,,,,
1001,1001,1001,1001,,,,0141,B0141,27,17.89,PLAN050,,FOOT,,,,,,
1002,1002,1002,1002,,,,0143,B0143,28,18.00,PLAN050,,BABY FEET,,,,,,
1003,1003,1003,1003,,,,,,29,17.48,PLAN050,,"COFFIN, HEAD END",,,,28/04/2006 00:00,,
1004,1004,1004,1004,,,,,,30,17.61,PLAN050,,"COFFIN, FOOT END",,,,,,
1005,1005,1005,1005,,,,,,31,18.02,PLAN050,,WALL,,,,,,
1006,1006,1006,1006,,,,,,32,19.94,PLAN050,,L STONE,,,,26/05/2006 00:00,,
1007,1007,1007,1007,,,,,,33,19.89,PLAN050,,L STONE,,,,,,
1008,1008,1008,1008,,,,,,34,19.81,PLAN050,,TOP OF WALL E,,,,,,
1009,1009,1009,1009,,,,,,35,19.90,PLAN050,,TOP OF WALL W,,,,,,
1010,1010,1010,1010,,,,,,36,19.78,PLAN050,,LOWER STEP OF WALL,,,,,,
1011,1011,1011,1011,,,,,,37,19.88,PLAN050,,SOIL E END,,,,,,
1012,1012,1012,1012,,,,,,38,19.69,PLAN050,,SOIL MIDDLE,,,,,,
1013,1013,1013,1013,,,,,,39,19.66,PLAN050,,SOIL W END,,,,,,
1014,1014,1014,1014,,,,0148,B0148,1,16.88,PLAN055,,NAIL AT FOOT,,,,25/04/2006 00:00,,
1015,1015,1015,1015,,,,0148,B0148,2,16.86,PLAN055,,"NAIL, END OF LEG BONE",,,,,,
1016,1016,1016,1016,,,UB,,,,17.22,,SECTION021,DRAWING LINE,,,,26/04/2006 00:00,,
1017,1017,1017,1017,,,,0125,B0125,58,17.53,,,HEAD,,,,,NOT ON PLAN/SECTION,
1018,1018,1018,1018,,,,0125,B0125,59,17.48,,,PELVIS,,,,,NOT ON PLAN/SECTION,
1019,1019,1019,1019,,,,0125,B0125,60,17.38,,,FEET,,,,,NOT ON PLAN/SECTION,
1020,1020,1020,1020,,,LL,,,61,17.52,,,NE SIDE OF COFFIN,,,,,NOT ON PLAN/SECTION,
1021,1021,1021,1021,,0864,,,,62,17.91,PLAN031,,,,,,,,
1022,1022,1022,1022,,0921,,,,63,17.78,PLAN031,,BETWEEN KJ AND KF,,,,,,
1023,1023,1023,1023,,0922,,,,64,17.72,PLAN031,,,,,,,,
1024,1024,1024,1024,,0910,,,,65,17.84,PLAN031,,NW OF SK120,,,,,,
1025,1025,1025,1025,,0923,,,,66,17.64,PLAN031,,,,,,,,
1026,1026,1026,1026,,0924,,,,67,17.58,PLAN031,,MORTAR,,,,,,
1027,1027,1027,1027,,0925,,,,68,17.89,PLAN031,,SANDY PATCH,,,,,,
1028,1028,1028,1028,,,GL,,,69,17.93,PLAN031,,NW,,,,,,
1029,1029,1029,1029,,,GL,,,70,17.69,PLAN031,,SE,,,,,,
1030,1030,1030,1030,,,LL,,,71,17.50,,,COFFIN W END,,,,,NOT ON PLAN/SECTION,
1031,1031,1031,1031,,,LL,,,72,17.43,,,COFFIN CENTRE,,,,,NOT ON PLAN/SECTION,
1032,1032,1032,1032,,,LL,,,73,17.39,,,COFFIN E END,,,,,NOT ON PLAN/SECTION,
1033,1033,1033,1033,,,,,,74,18.71,,,HEAD,,,,,NOT ON PLAN/SECTION,
1034,1034,1034,1034,,,,,,75,17.64,,,PELVIS,,,,,NOT ON PLAN/SECTION,
1035,1035,1035,1035,,,,,,76,17.65,,,FEET,,,,,NOT ON PLAN/SECTION,
1036,1036,1036,1036,,,,0127,B0127,77,17.76,,,WEST END OF REMAINS,,,,,NOT ON PLAN/SECTION,
1037,1037,1037,1037,,,,0127,B0127,78,17.80,,,PELVIS,,,,,NOT ON PLAN/SECTION,
1038,1038,1038,1038,,,LQ,,B0127,79,17.67,,,BOTTOM OF GRAVE CUT,,,,,NOT ON PLAN/SECTION,
1039,1039,1039,1039,,,,0124,B0124,80,17.62,PLAN031,,"PELVIS, BASE",,,,,,
1040,1040,1040,1040,,,,0124,B0124,81,17.64,PLAN031,,"FEET, BASE",,,,,,
1041,1041,1041,1041,,0908,,,,82,17.83,PLAN031,,,,,,,,
1042,1042,1042,1042,,0928,,,,83,17.60,PLAN031,,,,,,,,
1043,1043,1043,1043,,0929,,,,84,17.55,PLAN031,,,,,,,,
1044,1044,1044,1044,,0930,,,,85,17.53,PLAN031,,,,,,,,
1045,1045,1045,1045,,0931,,,,86,17.68,PLAN031,,,,,,,,
1046,1046,1046,1046,,0932,,,,87,17.53,PLAN031,,,,,,,,
1047,1047,1047,1047,,0933,,,,88,17.59,PLAN031,,,,,,,,
1048,1048,1048,1048,,0934,,,,89,17.44,PLAN031,,,,,,,,
1049,1049,1049,1049,,,,0128,B0128,90,17.59,PLAN031,,HEAD,,,,,,
1050,1050,1050,1050,,,,0128,B0128,91,17.58,PLAN031,,E END,,,,,,
1051,1051,1051,1051,,0902,,,,92,17.62,PLAN031,,MID TRENCH,,,,,,
1052,1052,1052,1052,,,,,,1,17.20,PLAN059,,,,,,27/04/2006 00:00,,
1053,1053,1053,1053,,,,,,2,17.17,PLAN059,,,,,,,,
1054,1054,1054,1054,,,,,,3,17.19,PLAN059,,,,,,,,
1055,1055,1055,1055,,,,,,4,17.14,PLAN059,,,,,,,,
1056,1056,1056,1056,,,,,,5,17.10,PLAN059,,,,,,,,
1057,1057,1057,1057,,,,,,6,17.04,PLAN059,,,,,,,,
1058,1058,1058,1058,,,,,,7,17.05,PLAN059,,,,,,,,
1059,1059,1059,1059,,,,,,8,17.07,PLAN059,,,,,,,,
1060,1060,1060,1060,,,,,,9,16.99,PLAN059,,,,,,,,
1061,1061,1061,1061,,,,,,10,16.99,PLAN059,,,,,,,,
1062,1062,1062,1062,,,,,,11,17.02,PLAN059,,,,,,,,
1063,1063,1063,1063,,,,,,12,16.97,PLAN059,,,,,,,,
1064,1064,1064,1064,,,,,,13,17.02,PLAN059,,,,,,,,
1065,1065,1065,1065,,,,,,14,17.00,PLAN059,,,,,,,,
1066,1066,1066,1066,,,,0171,B0171,15,17.49,PLAN059,,BELOW END OF SK0171,,,,,,
1067,1067,1067,1067,,,,0171,B0171,16,17.64,PLAN059,,R ARM,,,,,,
1068,1068,1068,1068,,,,0171,B0171,17,17.53,PLAN059,,TOP OF SKULL,,,,,,
1069,1069,1069,1069,,,,0171,B0171,18,17.52,PLAN059,,L SHOULDER,,,,,,
1070,1070,1070,1070,,,,0170,B0170,19,17.47,PLAN059,,KNEES,,,,,,
1071,1071,1071,1071,,,,0170,B0170,20,17.48,PLAN059,,PELVIS,,,,,,
1072,1072,1072,1072,,,,0170,B0170,21,17.53,PLAN059,,TOP OF VERTEBRAE,,,,,,
1073,1073,1073,1073,,,,,,22,17.52,PLAN059,,POTTERY SHERD NR SK 170,,,,,,
1074,1074,1074,1074,,,,,,1,17.13,,SECTION022,W NAIL,,,,22/04/2006 00:00,,
1075,1075,1075,1075,,,,,,2,17.12,,SECTION022,E NAIL,,,,,,
1076,1076,1076,1076,,,,,,3,17.32,,,N NAIL,,,,,,
1077,1077,1077,1077,,,,,,4,17.33,,,S NAIL,,,,,,
1078,1078,1078,1078,,,,0104,B0104,8,17.41,PLAN055,,HEAD,,,,28/04/2007 00:00,,
1079,1079,1079,1079,,,,0104,B0104,9,17.41,PLAN055,,PELVIS,,,,,,
1080,1080,1080,1080,,,,0104,B0104,10,17.48,PLAN055,,FEET,,,,,,
1081,1081,1081,1081,,,,0146,B0146,3,17.67,,,HEAD,,,,,,
1082,1082,1082,1082,,,,0146,B0146,4,17.68,,,PELVIS,,,,,,
1083,1083,1083,1083,,,,0146,B0146,5,17.69,,,FEET,,,,,,
1084,1084,1084,1084,,,,,B0146,6,17.61,,,COFFIN BASE,,,,,,
1085,1085,1085,1085,,,,,B0146,7,17.70,,,TOP OF GRAVE CUT,,,,,,
1086,1086,1086,1086,,,,,B0146,8,17.70,,,EAST NAIL,,,,,,
1087,1087,1087,1087,,,,,B0146,9,17.64,,,WEST NAIL,,,,,,
1088,1088,1088,1088,,,,,,1,16.97,PLAN054-OL2,,,,,,02/05/2006 00:00,,
1089,1089,1089,1089,,,,,,2,16.97,PLAN054-OL2,,,,,,,,
1090,1090,1090,1090,,,,,,3,16.60,PLAN054-OL2,,,,,,,,
1091,1091,1091,1091,,,,,,4,17.22,PLAN054-OL2,,,,,,,,
1092,1092,1092,1092,,,,,,5,16.66,PLAN054-OL2,,,,,,,,
1093,1093,1093,1093,,,,,,6,16.71,PLAN054-OL2,,,,,,,,
1094,1094,1094,1094,,,,,,7,17.09,PLAN054-OL2,,,,,,,,
1095,1095,1095,1095,,,,,,8,16.69,PLAN054-OL2,,,,,,,,
1096,1096,1096,1096,,,,,,9,16.87,PLAN054-OL2,,,,,,,,
1097,1097,1097,1097,AREA 51,,,0129,B0129,14,17.32,PLAN062,,HEAD,,,,,NOT ON PLAN/SECTION,
1098,1098,1098,1098,AREA 51,,,0129,B0129,15,17.22,PLAN062,,PELVIS,,,,,NOT ON PLAN/SECTION,
1099,1099,1099,1099,AREA 51,,,0129,B0129,16,17.28,PLAN062,,FEET,,,,,NOT ON PLAN/SECTION,
1100,1100,1100,1100,AREA 51,,LV,,B0129,17,17.18,PLAN062,,WEST END COFFIN,,,,,,
1101,1101,1101,1101,AREA 51,,LV,,B0129,18,17.25,PLAN062,,EAST END COFFIN,,,,,,
1102,1102,1102,1102,AREA 51,,,0100,B0100,93,,PLAN031,,HEAD,,,,08/05/2006 00:00,NOT ON PLAN/SECTION,
1103,1103,1103,1103,AREA 51,,,0100,B0100,94,,PLAN031,,PELVIS,,,,08/05/2006 00:00,NOT ON PLAN/SECTION,
1104,1104,1104,1104,AREA 51,,,0100,B0100,95,,PLAN031,,FEET,,,,08/05/2006 00:00,NOT ON PLAN/SECTION,
1105,1105,1105,1105,,,,0149,B0149,1,18.17,PLAN064,,SKULL,,,,05/05/2006 00:00,,
1106,1106,1106,1106,,,,0149,B0149,2,18.04,PLAN064,,PELVIS,,,,,,
1107,1107,1107,1107,,,,0149,B0149,3,18.10,PLAN064,,FOOT,,,,,,
1108,1108,1108,1108,,,,0172,B0172,4,18.10,PLAN064,,SKULL,,,,,,
1109,1109,1109,1109,,,,0172,B0172,5,18.11,PLAN064,,PELVIS,,,,,,
1110,1110,1110,1110,,,,0172,B0172,6,18.16,PLAN064,,FOOT,,,,,,
1111,1111,1111,1111,,,,0174,B0174,7,18.12,PLAN064,,SKULL,,,,,,
1112,1112,1112,1112,,,,0174,B0174,8,18.09,PLAN064,,PELVIS,,,,,,
1113,1113,1113,1113,,,,0174,B0174,9,18.09,PLAN064,,FOOT,,,,,,
1114,1114,1114,1114,,,,,,10,18.07,PLAN064,,,,,,,,
1115,1115,1115,1115,,,,,,11,18.06,PLAN064,,,,,,,,
1116,1116,1116,1116,,,,,,12,18.07,PLAN064,,,,,,,,
1117,1117,1117,1117,,,,,,13,17.76,PLAN064,,,,,,,,
1118,1118,1118,1118,,,,,,14,17.83,PLAN064,,,,,,,,
1119,1119,1119,1119,,,,,,15,18.02,PLAN064,,,,,,,,
1120,1120,1120,1120,,,,,,16,17.58,PLAN064,,,,,,,,
1121,1121,1121,1121,,,,0188,B0188,17,17.56,PLAN064,,NAIL FOOT END,,,,,,
1122,1122,1122,1122,,,,0188,B0188,18,17.60,PLAN064,,NAIL HEAD END,,,,,,
1123,1123,1123,1123,,1262,,,,19,17.59,PLAN064,,COFFIN EDGE,,,,,,
1124,1124,1124,1124,,,,0175,B0175,1,17.55,PLAN050,,FEET,2,70,,,,
1125,1125,1125,1125,,,,,,,17.94,,SECTION019,,2,,,,,
1126,1126,1126,1126,,,,,,,17.89,,SECTION020,,2,,,,,
1127,1127,1127,1127,,,,0178,B0178,6,17.36,PLAN055,,,2,,,,,
1128,1128,1128,1128,,,,0178,B0178,7,17.38,PLAN055,,,2,,,,,
1129,1129,1129,1129,,,,,,1,18.24,PLAN035,,SOUTH RAFT,2,72,,03/05/2006 00:00,,
1130,1130,1130,1130,,,,,,2,18.05,PLAN035,,SOUTH RAFT,2,72,,,,
1131,1131,1131,1131,,,,,,3,18.09,PLAN035,,SOUTH RAFT,2,72,,,,
1132,1132,1132,1132,,,,,,4,18.24,PLAN035,,SOUTH RAFT,2,72,,,,
1133,1133,1133,1133,,,,,,5,18.17,PLAN035,,SOUTH RAFT,2,72,,,,
1134,1134,1134,1134,,,,,,6,18.20,PLAN035,,SOUTH RAFT,2,72,,,,
1135,1135,1135,1135,,,,,,7,18.06,PLAN035,,SOUTH RAFT,2,72,,,,
1136,1136,1136,1136,,,,,,8,17.75,PLAN035,,SOUTH RAFT,2,72,,,,
1137,1137,1137,1137,,,,,,9,18.24,PLAN035,,SOUTH RAFT,2,72,,,,
1138,1138,1138,1138,,,,,,10,18.00,PLAN035,,SOUTH RAFT,2,72,,,,
1139,1139,1139,1139,,,,,,11,17.91,PLAN035,,SOUTH RAFT,2,72,,,,
1140,1140,1140,1140,,,,,,12,18.37,PLAN035,,SOUTH RAFT,2,72,,,,
1141,1141,1141,1141,,,,,,13,18.24,PLAN035,,SOUTH RAFT,2,72,,,,
1142,1142,1142,1142,,,,,,14,18.19,PLAN035,,SOUTH RAFT,2,72,,,,
1143,1143,1143,1143,,,,,,15,17.86,PLAN035,,SOUTH RAFT,2,72,,,,
1144,1144,1144,1144,,,,,,16,18.11,PLAN035,,SOUTH RAFT,2,72,,,,
1145,1145,1145,1145,,,,,,17,18.10,PLAN035,,SOUTH RAFT,2,72,,,,
1146,1146,1146,1146,,,,,,18,17.72,PLAN035,,SOUTH RAFT,2,72,,,,
1147,1147,1147,1147,,,,,,19,18.10,PLAN035,,SOUTH RAFT,2,72,,,,
1148,1148,1148,1148,,,,,,20,17.28,PLAN035,,SOUTH RAFT,2,72,,,,
1149,1149,1149,1149,,,,,,21,17.68,PLAN035,,SOUTH RAFT,2,72,,,,
1150,1150,1150,1150,,,,,,22,18.00,PLAN035,,SOUTH RAFT,2,72,,,,
1151,1151,1151,1151,,,,,,23,18.30,PLAN035,,SOUTH RAFT,2,73,,,,
1152,1152,1152,1152,,,,,,24,18.22,PLAN035,,SOUTH RAFT,2,73,,,,
1153,1153,1153,1153,,,,,,25,18.08,PLAN035,,SOUTH RAFT,2,73,,,,
1154,1154,1154,1154,,,,,,26,18.12,PLAN035,,SOUTH RAFT,2,73,,,,
1155,1155,1155,1155,,,,,,27,18.26,PLAN035,,SOUTH RAFT,2,73,,,,
1156,1156,1156,1156,,,,,,28,18.29,PLAN035,,SOUTH RAFT,2,73,,,,
1157,1157,1157,1157,,,,,,29,18.22,PLAN035,,SOUTH RAFT,2,73,,,,
1158,1158,1158,1158,,,,,,30,18.27,PLAN035,,SOUTH RAFT,2,73,,,,
1159,1159,1159,1159,AREA51,,,0099,B0099,7,17.38,,,TOP OF WESTMOST VERTEBRA,2,73,,,NOTIONALLY PLAN 062 BUT NOT ON PLAN/SECTION,
1160,1160,1160,1160,,,,0099,B0099,8,17.42,,,HIGHEST POINT PELVIS,2,73,,,NOTIONALLY PLAN 062 BUT NOT ON PLAN/SECTION,
1161,1161,1161,1161,,,,0099,B0099,9,17.46,,,E END TIBIA,2,73,,,NOTIONALLY PLAN 062 BUT NOT ON PLAN/SECTION,
1162,1162,1162,1162,,0939,LZ,,B0099,10,17.33,,,E END COFFIN BASE,2,73,,,NOTIONALLY PLAN 062 BUT NOT ON PLAN/SECTION,
1163,1163,1163,1163,,0939,LZ,,B0099,11,17.39,,,W END COFFIN BASE,2,73,,,NOTIONALLY PLAN 062 BUT NOT ON PLAN/SECTION,
1164,1164,1164,1164,,0939,LZ,,B0099,12,17.28,,,CENTRE COFFIN BASE,2,73,,,NOTIONALLY PLAN 062 BUT NOT ON PLAN/SECTION,
1165,1165,1165,1165,,,IB,,,1,18.47,PLAN018,,E END MIDDLE,,,,04/05/2006 00:00,,
1166,1166,1166,1166,,,IB,,,2,18.50,PLAN018,,ST MARY'S WALL EDGE,,,,,,
1167,1167,1167,1167,,,IB,,,3,17.87,PLAN018,,N SIDE IB,,,,,,
1168,1168,1168,1168,,,IB,,,4,17.62,PLAN018,,S SIDE IB,,,,,,
1169,1169,1169,1169,,,IB,,,5,17.59,PLAN018,,N SIDE IB,,,,,,
1170,1170,1170,1170,,,IB,,,6,17.73,PLAN018,,S SIDE IB,,,,,,
1171,1171,1171,1171,,,IB,,,7,,PLAN018,,NOT TAKEN,,,,,,
1172,1172,1172,1172,,0919,,,,1,17.62,PLAN062,,WEST,,,,,,
1173,1173,1173,1173,,0920,,,,2,17.57,PLAN062,,,,,,,,
1174,1174,1174,1174,,0919,,,,3,17.59,PLAN062,,EAST,,,,,,
1175,1175,1175,1175,,0919,,,,4,17.65,PLAN062,,NORTH EAST,,,,,,
1176,1176,1176,1176,,0864,PA,,,5,17.80,PLAN062,,,,,,,,
1177,1177,1177,1177,,0940,,,,6,17.91,PLAN062,,,,,,,,
1178,1178,1178,1178,,,,,B0128,13,17.55,,,W END OF COFFIN UPPER EDGE,,,,,IS THIS SK0129 W END? NOTIONALLY PLAN 062 BUT NOT ON PLAN/SECTION,
1179,1179,1179,1179,,,,0182,B0182,3,17.29,PLAN055,,PELVIS,,,,05/05/2006 00:00,,
1180,1180,1180,1180,,,,0182,B0182,4,17.34,PLAN055,,FEET,,,,,,
1181,1181,1181,1181,,,,0182,B0182,5,17.43,PLAN055,,DRAWING POINT A,,,,,,
1182,1182,1182,1182,,,,0182,B0182,7,17.34,PLAN055,,DRAWING POINT B,,,,,,
1183,1183,1183,1183,,,,0180,B0180,11,17.19,PLAN055,,,,,,,,
1184,1184,1184,1184,,,,0180,B0180,12,17.18,PLAN055,,,,,,,,
1185,1185,1185,1185,,,,0183,B0183,13,17.30,PLAN055,,HEAD,,,,,,
1186,1186,1186,1186,,,,0183,B0183,14,17.17,PLAN055,,PELVIS,,,,,,
1187,1187,1187,1187,,,,0183,B0183,15,17.17,PLAN055,,FEET,,,,,,
1188,1188,1188,1188,,,,,B0183,16,17.33,PLAN055,,DRAWING POINT A,,,,,,
1189,1189,1189,1189,,,,,,1,,PLAN115-OL1A,,,AREA51-1,1,NO TBM NUMBER,02/08/2006 00:00,,
1190,1190,1190,1205,,,,,,59,16.65,PLAN092,,MORTAR,AREA51-1,2,,,,
1191,1191,1191,1206,,,,,,60,16.68,PLAN092,,MORTAR,AREA51-1,2,,,,
1192,1192,1192,1207,,,,,,61,17.05,PLAN092,,MORTAR,AREA51-1,2,,,,
1193,1193,1193,1208,,,,,,,,,SECTION058,A WEST,AREA51-1,2,NO TBM NUMBER,,,
1194,1194,1194,1209,,,,,,,,,SECTION058,B EAST,AREA51-1,2,NO TBM NUMBER,,,
1195,1195,1195,1210,,,,0372,B0372,62,18.72,PLAN092,,LEGS,AREA51-1,3,3,07/08/2006 00:00,,
1196,1196,1196,1211,,1803,,,,63,16.66,PLAN092,,,AREA51-1,3,3,08/08/2006 00:00,,
1197,1197,1197,1212,,1803,,,,64,15.65,PLAN092,,,AREA51-1,3,3,08/08/2006 00:00,,
1198,1198,1198,1213,,1803,,,,65,16.31,PLAN092,,,AREA51-1,3,3,08/08/2006 00:00,,
1199,1199,1199,1214,,,,,,,16.73,PLAN092,,BELOW 1803,AREA51-1,3,3,08/08/2006 00:00,,
1200,1200,1200,1215,,,,,,,16.67,PLAN092,,BELOW 1803,AREA51-1,3,3,08/08/2006 00:00,,
1201,1201,1201,1216,,,,,,,16.69,PLAN092,,BELOW 1803,AREA51-1,3,3,08/08/2006 00:00,,
1202,1202,1202,1217,,1810,,,,66,17.26,PLAN092,,,AREA51-1,3,3,08/08/2006 00:00,,
1203,1203,1203,1218,,1811,,,,67,17.16,PLAN092,,,AREA51-1,3,3,08/08/2006 00:00,,
1204,1204,1204,1219,,,AAM,,,68,16.51,PLAN092,,,AREA51-1,4,3,08/08/2006 00:00,,
1205,1205,1205,1220,,1621,,,,69,16.95,PLAN092,,,AREA51-1,4,3,08/08/2006 00:00,,
1206,1206,1206,1221,,1621,,,,70,16.95,PLAN092,,,AREA51-1,4,3,08/08/2006 00:00,,
1207,1207,1207,1222,,1621,,,,71,16.84,PLAN092,,,AREA51-1,4,3,08/08/2006 00:00,,
1208,1208,1208,1223,,1621,,,,72,16.82,PLAN092,,,AREA51-1,4,3,08/08/2006 00:00,,
1209,1209,1209,1224,,1646,,,,73,16.90,PLAN092,,,AREA51-1,4,3,08/08/2006 00:00,?1646,
1210,1210,1210,1225,,,,,,,16.96,,SECTION073 WEST,,AREA51-1,4,3,09/08/2006 00:00,,
1211,1211,1211,1226,,,,0373,B0373,1,16.93,PLAN115-OL3,,,AREA51-1,5,3,09/08/2006 00:00,,
1212,1212,1212,1227,,,,,,1,16.17,PLAN092-OL3,,,AREA51-1,5,3,,,
1213,1213,1213,1228,,,,,,2,16.23,PLAN092-OL3,,,AREA51-1,5,3,,,
1214,1214,1214,1229,,,,,,3,16.31,PLAN092-OL3,,,AREA51-1,5,3,,,
1215,1215,1215,1230,,,,,,4,16.36,PLAN092-OL3,,,AREA51-1,5,3,,,
1216,1216,1216,1231,,,,,,5,16.42,PLAN092-OL3,,,AREA51-1,5,3,,,
1217,1217,1217,1232,,,,,,6,16.75,PLAN092-OL3,,,AREA51-1,5,3,,,
1218,1218,1218,1233,,,,,,7,16.64,PLAN092-OL3,,,AREA51-1,5,3,,,
1219,1219,1219,1234,,,,0377,B0377,1,16.42,PLAN117,,HEAD,AREA51-1,5,3,,,
1220,1220,1220,1235,,,,0377,B0377,2,16.53,PLAN117,,FEET,AREA51-1,5,3,,,
1221,1221,1221,1190,,,,,,2,,PLAN115-OL1A,,,AREA51-1,1,NO TBM NUMBER,,,
1222,1222,1222,1191,,,,,,3,,PLAN115-OL1A,,,AREA51-1,1,NO TBM NUMBER,,,
1223,1223,1223,1192,,1640,,,,46,16.54,PLAN092,,,AREA51-1,2,,03/08/2006 00:00,PROBABLY TBM3,
1224,1224,1224,1193,,1640,,,,47,16.87,PLAN092,,,AREA51-1,2,,,,
1225,1225,1225,1194,,1640,,,,48,16.75,PLAN092,,,AREA51-1,2,,,,
1226,1226,1226,1195,,1640,,,,49,16.58,PLAN092,,,AREA51-1,2,,,,
1227,1227,1227,1196,,1640,,,,50,16.99,PLAN092,,,AREA51-1,2,,,,
1228,1228,1228,1197,,1646,,,,51,17.05,PLAN092,,,AREA51-1,2,,,,
1229,1229,1229,1198,,1646,,,,52,17.00,PLAN092,,,AREA51-1,2,,,,
1230,1230,1230,1199,,1646,,,,53,16.91,PLAN092,,,AREA51-1,2,,,,
1231,1231,1231,1200,,1646,,,,54,16.89,PLAN092,,,AREA51-1,2,,,,
1232,1232,1232,1201,,1646,,,,55,16.89,PLAN092,,,AREA51-1,2,,,,
1233,1233,1233,1202,,1803,,,,56,16.72,PLAN092,,,AREA51-1,2,,,SEE PAGE 3,
1234,1234,1234,1203,,1803,,,,57,16.71,PLAN092,,,AREA51-1,2,,,SEE PAGE 3,
1235,1235,1235,1204,,,,,,58,16.69,PLAN092,,MORTAR,AREA51-1,2,,,,
1236,1236,1236,1236,,1019,,,,3,16.92,PLAN117,,,AREA51-1,5,3,,,
1237,1237,1237,1237,,,YM,,,4,17.04,PLAN117,,SOUTH,AREA51-1,5,3,,,
1238,1238,1238,1238,,,YM,,,5,17.01,PLAN117,,NORTH,AREA51-1,5,3,,,
1239,1239,1239,1241,,1811,,0376,B0376,1,,PLAN092-OL5,,HEAD,AREA51-1,6,NO TBM NUMBER,10/08/2006 00:00,,
1240,1240,1240,1242,,1811,,0376,B0376,2,,PLAN092-OL5,,PELVIS,AREA51-1,6,NO TBM NUMBER,10/08/2006 00:00,,
1241,1241,1241,1243,,1811,,0376,B0376,3,,PLAN092-OL5,,FEET,AREA51-1,6,NO TBM NUMBER,10/08/2006 00:00,,
1242,1242,1242,1244,,1620,,,,1,17.05,PLAN102-OL7,,,AREA51-1,6,3,,,
1243,1243,1243,1245,,1620,,,,2,16.97,PLAN102-OL7,,,AREA51-1,6,3,,,
1244,1244,1244,1246,,1684,,,,3,16.80,PLAN102-OL7,,,AREA51-1,6,3,,,
1245,1245,1245,1247,,1684,,,,4,16.78,PLAN102-OL7,,,AREA51-1,6,3,,,
1246,1246,1246,1248,,1610,,,,5,17.09,PLAN102-OL7,,,AREA51-1,6,3,,,
1247,1247,1247,1249,,1610,,,,6,16.86,PLAN102-OL7,,,AREA51-1,6,3,,,
1248,1248,1248,1250,,1610,,,,7,17.01,PLAN102-OL7,,,AREA51-1,6,3,,,
1249,1249,1249,1251,,,AAN,,,6,16.44,PLAN117,,,AREA51-1,6,3,,,
1250,1250,1250,1252,,1800,,,,7,16.43,PLAN117,,,AREA51-1,6,3,,,
1251,1251,1251,1253,,,,,,8,16.17,PLAN117,,,AREA51-1,6,3,,,
1252,1252,1252,1254,,,,,,9,16.41,PLAN117,,,AREA51-1,6,3,,,
1253,1253,1253,1255,,,,,,10,16.50,PLAN117,,,AREA51-1,6,3,,,
1254,1254,1254,1256,,,,,,11,16.49,PLAN117,,,AREA51-1,7,3,14/08/2006 00:00,,
1255,1255,1255,1257,,,,,,12,16.72,PLAN117,,,AREA51-1,7,3,,,
1256,1256,1256,1258,,,,,,13,16.50,PLAN117,,,AREA51-1,7,3,,,
1257,1257,1257,1259,,,,,,14,16.65,PLAN117,,,AREA51-1,7,3,,,
1258,1258,1258,1260,,,,,,15,16.84,PLAN117,,,AREA51-1,7,3,,,
1259,1259,1259,1261,,,,,,16,16.79,PLAN117,,,AREA51-1,7,3,,,
1260,1260,1260,1262,,,,,,17,16.67,PLAN117,,,AREA51-1,7,3,,,
1261,1261,1261,1263,,,,,,18,16.56,PLAN117,,,AREA51-1,7,3,,,
1262,1262,1262,1264,,,,,,19,16.60,PLAN117,,,AREA51-1,7,3,,,
1263,1263,1263,1265,,,,,,20,16.69,PLAN117,,,AREA51-1,7,3,,,
1264,1264,1264,1266,,,,,,21,17.04,PLAN117,,,AREA51-1,7,3,,,
1265,1265,1265,1267,,,,,,22,16.87,PLAN117,,,AREA51-1,7,3,,,
1266,1266,1266,1268,,,,,,23,16.95,PLAN117,,,AREA51-1,7,3,,,
1267,1267,1267,1269,,,,,,24,16.81,PLAN117,,,AREA51-1,7,3,,,
1268,1268,1268,1270,,,,,,25,16.69,PLAN117,,,AREA51-1,7,3,,,
1269,1269,1269,1271,,,,0371,B0371,1,17.02,PLAN115-OL4,,HEAD,AREA51-1,8,3,,,
1270,1270,1270,1272,,,,0371,B0371,2,16.86,PLAN115-OL4,,PELVIS,AREA51-1,8,3,,,
1271,1271,1271,1273,,,,0371,B0371,3,16.88,PLAN115-OL4,,FEET,AREA51-1,8,3,,,
1272,1272,1272,1274,,,,0375,B0375,4,16.93,PLAN115-OL4,,HEAD,AREA51-1,8,3,,,
1273,1273,1273,1275,,,,0375,B0375,5,16.84,PLAN115-OL4,,PELVIS,AREA51-1,8,3,,,
1274,1274,1274,1276,,,,0375,B0375,6,16.90,PLAN115-OL4,,KNEES,AREA51-1,8,3,,,
1275,1275,1275,1277,,,,0375,B0375,7,17.02,PLAN115-OL4,,FEET,AREA51-1,8,3,,,
1276,1276,1276,1278,,,,0374,B0374,8,16.88,PLAN115-OL4,,R ARM,AREA51-1,8,3,,,
1277,1277,1277,1279,,,,0374,B0374,9,16.80,PLAN115-OL4,,PELVIS,AREA51-1,8,3,,,
1278,1278,1278,1280,,,,0374,B0374,10,16.82,PLAN115-OL4,,FEET,AREA51-1,8,3,,,
1279,1279,1279,1281,,,,0378,B0378,11,16.83,PLAN115-OL4,,,AREA51-1,8,3,,,
1280,1280,1280,1282,,,,0379,B0379,12,16.81,PLAN115-OL4,,,AREA51-1,8,3,,,
1281,1281,1281,1283,,,,0379,B0379,13,16.81,PLAN115-OL4,,,AREA51-1,8,3,,,
1282,1282,1282,1284,,,,0379,B0379,14,16.83,PLAN115-OL4,,,AREA51-1,8,3,,,
1283,1283,1283,1285,,,,0380,B0380,15,16.83,PLAN115-OL4,,HAND,AREA51-1,8,3,,,
1284,1284,1284,1286,,,,0380,B0380,16,16.85,PLAN115-OL4,,PELVIS,AREA51-1,8,3,,,
1285,1285,1285,1287,,,,0455,B0455,26,16.33,PLAN117,,JAW,AREA51-1,9,3,,,
1286,1286,1286,1288,,,,0455,B0455,27,16.30,PLAN117,,RIBS,AREA51-1,9,3,,,
1287,1287,1287,1289,,,,,,28,,PLAN117,,,AREA51-1,9,3,15/08/2006 00:00,NOT TAKEN,
1288,1288,1288,1290,,,,,,29,,PLAN117,,,AREA51-1,9,3,,NOT TAKEN,
1289,1289,1289,1291,,,,,,30,,PLAN117,,,AREA51-1,9,3,,NOT TAKEN,
1290,1290,1290,1292,,,,,,31,,PLAN117,,,AREA51-1,9,3,,NOT TAKEN,
1291,1291,1291,1293,,,,,,32,,PLAN117,,,AREA51-1,9,3,,NOT TAKEN,
1292,1292,1292,1294,,,,,,33,,PLAN117,,,AREA51-1,9,3,,NOT TAKEN,
1293,1293,1293,1295,,,,,,34,,PLAN117,,,AREA51-1,9,3,,NOT TAKEN,
1294,1294,1294,1296,,,,,,35,,PLAN117,,,AREA51-1,9,3,,NOT TAKEN,
1295,1295,1295,1297,,,,0456,B0456,36,,PLAN117,,SKULL,AREA51-1,9,3,,NOT TAKEN,
1296,1296,1296,1298,,,,0456,B0456,37,,PLAN117,,PELVIS,AREA51-1,9,3,,NOT TAKEN,
1297,1297,1297,1299,,,,0456,B0456,38,,PLAN117,,FEET,AREA51-1,9,3,,NOT TAKEN,
1298,1298,1298,1300,,,,0381,B0381,39,16.41,PLAN117,,SKULL,AREA51-1,9,3,,,
1299,1299,1299,1301,,,,0381,B0381,40,16.27,PLAN117,,PELVIS,AREA51-1,9,3,,,
1300,1300,1300,1302,,,,0381,B0381,41,16.32,PLAN117,,FEET,AREA51-1,9,3,,,
1301,1301,1301,1303,,,,,,,,,SECTION077,LINE,AREA51-1,10,NO TBM NUMBER,16/08/2006 00:00,,
1302,1302,1302,1304,,,,0458,B0458,42,15.07,PLAN117,,HEAD,AREA51-1,10,3,17/08/2006 00:00,WHICH FEATURE?,
1303,1303,1303,1305,,,,0458,B0458,43,14.96,PLAN117,,PELVIS,AREA51-1,10,3,17/08/2006 00:00,WHICH FEATURE?,
1304,1304,1304,1306,,,,0458,B0458,44,14.90,PLAN117,,FEET,AREA51-1,10,3,17/08/2006 00:00,WHICH FEATURE?,
1305,1305,1305,1307,,,,0459,B0459,17,16.30,PLAN115-OL4,,FOOT,AREA51-1,11,3,17/08/2006 00:00,,
1306,1306,1306,1308,,,,0459,B0459,18,16.27,PLAN115-OL4,,KNEES,AREA51-1,11,3,17/08/2006 00:00,,
1307,1307,1307,1309,,,,0460,B0460,1,16.22,PLAN117-OL1,,VERTEBRAE,AREA51-1,11,3,18/08/2006 00:00,,
1308,1308,1308,1310,,,,0460,B0460,2,16.23,PLAN117-OL1,,PELVIS,AREA51-1,11,3,18/08/2006 00:00,,
1309,1309,1309,1311,,,,0460,B0460,3,16.22,PLAN117-OL1,,FEMUR,AREA51-1,11,3,18/08/2006 00:00,,
1310,1310,1310,1312,,,,0456,B0456,45,16.28,PLAN117,,SKULL,AREA51-1,11,3,23/08/2006 00:00,,
1311,1311,1311,1313,,,,0456,B0456,46,16.24,PLAN117,,PELVIS,AREA51-1,11,3,23/08/2006 00:00,,
1312,1312,1312,1314,,,,0456,B0456,47,16.21,PLAN117,,FEET,AREA51-1,11,3,23/08/2006 00:00,,
1313,1313,1313,1315,,,,0457,B0457,48,16.42,PLAN117,,SKULL,AREA51-1,11,3,23/08/2006 00:00,,
1314,1314,1314,1316,,,,0457,B0457,49,16.40,PLAN117,,PELVIS,AREA51-1,11,3,23/08/2006 00:00,,
1315,1315,1315,1317,,,,0457,B0457,50,16.37,PLAN117,,FEET,AREA51-1,11,3,23/08/2006 00:00,,
1316,1316,1316,,,,,0483,B0483,4,16.20,PLAN117-OL1,,SKULL,AREA51-1,12,3,24/08/2006 00:00,,
1317,1317,1317,,,,,0483,B0483,5,16.15,PLAN117-OL1,,PELVIS,AREA51-1,12,3,24/08/2006 00:00,,
1318,1318,1318,,,,,0483,B0483,6,16.08,PLAN117-OL1,,FEET,AREA51-1,12,3,24/08/2006 00:00,,
1319,1319,1319,,,,,0461,B0461,51,16.16,PLAN117,,SKULL,AREA51-1,12,3,24/08/2006 00:00,,
1320,1320,1320,,,,,0461,B0461,52,16.10,PLAN117,,PELVIS,AREA51-1,12,3,24/08/2006 00:00,,
1321,1321,1321,,,,,0461,B0461,53,16.09,PLAN117,,FEET,AREA51-1,12,3,24/08/2006 00:00,,
1322,1322,1322,,,1802,,,,19,16.80,PLAN115-OL4,,FIND,AREA51-1,12,3,24/08/2006 00:00,,1098
1323,1323,1323,,,,,,,1,16.40,PLAN119,,,AREA51-1,13,3,25/08/2006 00:00,,
1324,1324,1324,,,,,,,2,16.31,PLAN119,,,AREA51-1,13,3,25/08/2006 00:00,,
1325,1325,1325,,,,,,,3,16.30,PLAN119,,,AREA51-1,13,3,25/08/2006 00:00,,
1326,1326,1326,,,,,,,4,16.36,PLAN119,,,AREA51-1,13,3,25/08/2006 00:00,,
1327,1327,1327,,,,,,,5,16.32,PLAN119,,,AREA51-1,13,3,25/08/2006 00:00,,
1328,1328,1328,,,,,,,6,16.10,PLAN119,,,AREA51-1,13,3,25/08/2006 00:00,,
1329,1329,1329,,,,,,,7,16.26,PLAN119,,,AREA51-1,13,3,25/08/2006 00:00,,
1330,1330,1330,,,,,,,8,16.36,PLAN119,,,AREA51-1,13,3,25/08/2006 00:00,,
1331,1331,1331,,,1829,,,,7,16.39,PLAN117-OL1,,,AREA51-1,13,3,26/08/2006 00:00,,
1332,1332,1332,,,1829,,,,8,16.41,PLAN117-OL1,,,AREA51-1,13,3,26/08/2006 00:00,,
1333,1333,1333,,,1829,,,,9,16.44,PLAN117-OL1,,,AREA51-1,13,3,26/08/2006 00:00,,
1334,1334,1334,,,1829,,,,10,16.42,PLAN117-OL1,,,AREA51-1,13,3,26/08/2006 00:00,,
1335,1335,1335,,,1829,,,,11,16.41,PLAN117-OL1,,,AREA51-1,13,3,26/08/2006 00:00,,
1336,1336,1336,,,1829,,,,12,16.46,PLAN117-OL1,,,AREA51-1,13,3,26/08/2006 00:00,,
1337,1337,1337,,,1828,,,,13,16.30,PLAN117-OL1,,,AREA51-1,13,3,26/08/2006 00:00,,
1338,1338,1338,,,1816,,,,9,16.96,PLAN119,,N LOWER CORNER,AREA51-1,14,3,26/08/2006 00:00,,
1339,1339,1339,,,1816,,,,10,16.66,PLAN119,,W HIGH SIDE,AREA51-1,14,3,26/08/2006 00:00,,
1340,1340,1340,,,1816,,,,11,16.52,PLAN119,,S HIGH SIDE,AREA51-1,14,3,26/08/2006 00:00,,
1341,1341,1341,,,1816,,,,12,16.34,PLAN119,,E LOW SIDE,AREA51-1,14,3,26/08/2006 00:00,,
1342,1342,1342,,,,,0487,B0487,1,16.30,PLAN117-OL2,,SKULL,AREA51-1,14,3,26/08/2006 00:00,,
1343,1343,1343,,,,,0462,B0462,2,16.16,PLAN117-OL2,,SKULL,AREA51-1,14,3,28/08/2006 00:00,,
1344,1344,1344,,,,,0462,B0462,3,16.07,PLAN117-OL2,,LAST VERTEBRA,AREA51-1,14,3,28/08/2006 00:00,,
1345,1345,1345,,,,,0462,B0462,4,16.09,PLAN117-OL2,,R ARM,AREA51-1,14,3,28/08/2006 00:00,,
1346,1346,1346,,,,,,,1,16.55,PLAN119-OL1,,,AREA51-1,15,3,28/08/2006 00:00,,
1347,1347,1347,,,,,,,2,16.61,PLAN119-OL1,,,AREA51-1,15,3,28/08/2006 00:00,,
1348,1348,1348,,,,,,,3,16.16,PLAN119-OL1,,,AREA51-1,15,3,28/08/2006 00:00,,
1349,1349,1349,,,,,,,4,16.09,PLAN119-OL1,,,AREA51-1,15,3,28/08/2006 00:00,,
1350,1350,1350,,,,,,,5,16.23,PLAN119-OL1,,,AREA51-1,15,3,28/08/2006 00:00,,
1351,1351,1351,,,,,,,6,16.46,PLAN119-OL1,,,AREA51-1,15,3,28/08/2006 00:00,,
1352,1352,1352,,,,,,,7,16.11,PLAN119-OL1,,,AREA51-1,15,3,28/08/2006 00:00,,
1353,1353,1353,,,,,,,8,16.04,PLAN119-OL1,,,AREA51-1,15,3,28/08/2006 00:00,,
1354,1354,1354,,,,,,,9,16.10,PLAN119-OL1,,,AREA51-1,15,3,28/08/2006 00:00,,
1355,1355,1355,,,,,,,10,16.14,PLAN119-OL1,,,AREA51-1,15,3,28/08/2006 00:00,,
1356,1356,1356,,,,,,,11,16.15,PLAN119-OL1,,,AREA51-1,15,3,28/08/2006 00:00,,
1357,1357,1357,,,,,,,12,16.09,PLAN119-OL1,,,AREA51-1,15,3,28/08/2006 00:00,,
1358,1358,1358,,,,,,,13,16.13,PLAN119-OL1,,,AREA51-1,15,3,28/08/2006 00:00,,
1359,1359,1359,,,,,,,14,16.02,PLAN119-OL1,,,AREA51-1,15,3,28/08/2006 00:00,,
1360,1360,1360,,,,,0485,B0485,1,16.64,PLAN115-OL5,,KNEES,AREA51-1,16,3,29/08/2006 00:00,,
1361,1361,1361,,,,,0485,B0485,2,16.62,PLAN115-OL5,,FEET,AREA51-1,16,3,29/08/2006 00:00,,
1362,1362,1362,,,,,0486,B0486,3,16.75,PLAN115-OL5,,L TIBIA PROX END,AREA51-1,16,3,29/08/2006 00:00,,
1363,1363,1363,,,,,0486,B0486,4,16.81,PLAN115-OL5,,FEET,AREA51-1,16,3,29/08/2006 00:00,,
1364,1364,1364,,,,,,,13,16.32,PLAN119,,,AREA51-1,16,3,29/08/2006 00:00,,
1365,1365,1365,,,,,,,14,17.05,PLAN119,,,AREA51-1,16,3,29/08/2006 00:00,,
1366,1366,1366,,,,,,,15,17.04,PLAN119,,,AREA51-1,16,3,29/08/2006 00:00,,
1367,1367,1367,,,,,,,16,16.73,PLAN119,,,AREA51-1,16,3,29/08/2006 00:00,,
1368,1368,1368,,,,,,,17,16.54,PLAN119,,,AREA51-1,16,3,29/08/2006 00:00,,
1369,1369,1369,,,,,,,18,16.38,PLAN119,,,AREA51-1,16,3,29/08/2006 00:00,,
1370,1370,1370,,,,,,,19,16.44,PLAN119,,,AREA51-1,16,3,29/08/2006 00:00,,
1371,1371,1371,,,,,,,20,16.51,PLAN119,,,AREA51-1,16,3,29/08/2006 00:00,,
1372,1372,1372,,,,,,,21,16.99,PLAN119,,,AREA51-1,16,3,29/08/2006 00:00,,
1373,1373,1373,,,,,,,22,17.15,PLAN119,,,AREA51-1,16,3,29/08/2006 00:00,,
1374,1374,1374,,,,,,,23,17.32,PLAN119,,,AREA51-1,17,3,,,
1375,1375,1375,,,,,,,24,17.07,PLAN119,,,AREA51-1,17,3,,,
1376,1376,1376,,,,,,,25,17.17,PLAN119,,,AREA51-1,17,3,,,
1377,1377,1377,,,,,0484,B0484,5,16.81,PLAN115-OL5,,NECK REGION,AREA51-1,17,3,,,
1378,1378,1378,,,,,0484,B0484,6,16.75,PLAN115-OL5,,PELVIS,AREA51-1,17,3,,,
1379,1379,1379,,,,,0484,B0484,7,16.76,PLAN115-OL5,,L ELBOW JOINT,AREA51-1,17,3,,,
1380,1380,1380,,,,,,B0484,8,17.13,PLAN115-OL5,,STONE AT E END GRAVE CUT,AREA51-1,17,3,,,
1381,1381,1381,,,,,,,9,16.76,PLAN115-OL5,,POSSIBLE MARKER STONE W OF W FACE AAO,AREA51-1,17,3,,,
1382,1382,1382,,,,,,,14,16.09,PLAN117-OL1,,,AREA51-1,17,3,31/08/2006 00:00,,
1383,1383,1383,,,,,,,15,16.32,PLAN117-OL1,,,AREA51-1,17,3,31/08/2006 00:00,,
1384,1384,1384,,,1832,,,,16,16.34,PLAN117-OL1,,,AREA51-1,17,3,31/08/2006 00:00,,
1385,1385,1385,,,,,,,17,16.43,PLAN117-OL1,,,AREA51-1,17,3,31/08/2006 00:00,,
1386,1386,1386,,,,,,,18,16.40,PLAN117-OL1,,,AREA51-1,17,3,31/08/2006 00:00,,
1387,1387,1387,,,,,,,19,16.47,PLAN117-OL1,,,AREA51-1,17,3,31/08/2006 00:00,,
1388,1388,1388,,,1833,,,,21,16.21,PLAN119-OL1,,,AREA51-1,19,3,04/09/2006 00:00,,
1389,1389,1389,,,1833,,,,22,16.22,PLAN119-OL1,,,AREA51-1,19,3,04/09/2006 00:00,,
1390,1390,1390,,,1833,,,,23,16.24,PLAN119-OL1,,,AREA51-1,19,3,04/09/2006 00:00,,
1391,1391,1391,,,1837,,,,5,16.04,PLAN117-OL2,,E END,AREA51-1,19,3,06/09/2006 00:00,,
1392,1392,1392,,,1837,,,,6,16.06,PLAN117-OL2,,W END,AREA51-1,19,3,06/09/2006 00:00,,
1393,1393,1393,,,,,0489,B0489,24,16.24,PLAN117-OL1,,HEAD,AREA51-1,19,3,,,
1394,1394,1394,,,,,0489,B0489,25,16.14,PLAN117-OL1,,PELVIS,AREA51-1,19,3,,,
1395,1395,1395,,,,,0489,B0489,26,16.12,PLAN117-OL1,,FEET,AREA51-1,19,3,,,
1396,1396,1396,,,,,0490,B0490,27,16.21,PLAN117-OL1,,HEAD,AREA51-1,19,3,,,
1397,1397,1397,,,,,0490,B0490,28,16.17,PLAN117-OL1,,RIBS,AREA51-1,19,3,,,
1398,1398,1398,,,,,0492,B0492,29,17.34,PLAN117-OL1,,HEAD,AREA51-1,19,3,08/09/2006 00:00,,
1399,1399,1399,,,,,0492,B0492,30,17.33,PLAN117-OL1,,SHOULDER,AREA51-1,19,3,08/09/2006 00:00,,
1400,1400,1400,,,,,0492,B0492,31,17.26,PLAN117-OL1,,VERTEBRAE,AREA51-1,19,3,08/09/2006 00:00,,
1401,1401,1401,,,,,,,,18.04,,SECTION079,LINE,AREA51-1,20,3,05/09/2006 00:00,,
1402,1402,1402,,,,,,,,17.65,,SECTION080,LINE,AREA51-1,20,3,,,
1403,1403,1403,,,,,,,,17.32,,SECTION081,LINE,AREA51-1,20,3,07/09/2006 00:00,,
1404,1404,1404,,,,,,,9,16.80,PLAN115-OL5,,PELVIS,AREA51-1,20,3,07/09/2006 00:00,DUPLICATE NUMBER,
1405,1405,1405,,,,,,,10,16.77,PLAN115-OL5,,LOWER FEMUR,AREA51-1,20,3,07/09/2006 00:00,,
1406,1406,,,,,,,,1,16.42,PLAN119-OL3,,,AREA51-1,21,3,08/09/2006 00:00,,
1407,1407,,,,,,,,2,16.12,PLAN119-OL3,,,AREA51-1,21,3,08/09/2006 00:00,,
1408,1408,,,,,,,,3,16.19,PLAN119-OL3,,,AREA51-1,21,3,08/09/2006 00:00,,
1409,1409,,,,,,,,4,15.98,PLAN119-OL3,,,AREA51-1,21,3,08/09/2006 00:00,,
1410,1410,,,,,,,,5,15.96,PLAN119-OL3,,,AREA51-1,21,3,08/09/2006 00:00,,
1411,1411,,,,,,,,6,15.94,PLAN119-OL3,,,AREA51-1,21,3,08/09/2006 00:00,,
1412,1412,,,,,,,,7,16.33,PLAN119-OL3,,,AREA51-1,21,3,08/09/2006 00:00,,
1413,1413,,,,,,,,8,15.92,PLAN119-OL3,,,AREA51-1,21,3,08/09/2006 00:00,,
1414,1414,,,,,,,,9,16.00,PLAN119-OL3,,,AREA51-1,21,3,08/09/2006 00:00,,
1415,1415,,,,,,,,,17.62,,SECTION082,N & S ENDS,AREA51-1,21,3,,,
1416,1416,,,,1811,,0491,B0491,11,16.95,PLAN115-OL5,,FEMUR HEAD,AREA51-1,21,4,11/09/2006 00:00,,
1417,1417,,,,1811,,0491,B0491,12,16.98,PLAN115-OL5,,TIBIA END,AREA51-1,21,4,11/09/2006 00:00,,
1418,1418,,,,,,0574,B0574,7,16.18,PLAN117-OL2,,LEFT ARM,AREA51-1,22,4,12/09/2006 00:00,,
1419,1419,,,,,,0574,B0574,8,,PLAN117-OL2,,KNEES,AREA51-1,22,4,12/09/2006 00:00,,
1420,1420,,,,,,0574,B0574,9,16.16,PLAN117-OL2,,L FOOT,AREA51-1,22,4,12/09/2006 00:00,,
1421,1421,,,,,,0572,B0572,10,16.27,PLAN117-OL2,,CLAVICLE,AREA51-1,22,4,12/09/2006 00:00,ID OF LEVEL FROM PLAN - ?0572?,
1422,1422,,,,,,0572,B0572,11,16.34,PLAN117-OL2,,PELVIS,AREA51-1,22,4,12/09/2006 00:00,ID OF LEVEL FROM PLAN - ?0572?,
1423,1423,,,,,,0572,B0572,12,16.21,PLAN117-OL2,,DISTAL END OF TIBIA,AREA51-1,22,4,12/09/2006 00:00,ID OF LEVEL FROM PLAN - ?0572?,
1424,1424,,,,,,,,1,16.21,PLAN119-OL4,,,AREA51-1,23,4,15/09/2006 00:00,,
1425,1425,,,,,,,,2,16.09,PLAN119-OL4,,,AREA51-1,23,4,15/09/2006 00:00,,
1426,1426,,,,,,,,3,16.30,PLAN119-OL4,,,AREA51-1,23,4,15/09/2006 00:00,,
1427,1427,,,,,,,,4,16.05,PLAN119-OL4,,,AREA51-1,23,4,15/09/2006 00:00,,
1428,1428,,,,,,,,5,16.00,PLAN119-OL4,,,AREA51-1,23,4,15/09/2006 00:00,,
1429,1429,,,,,,,,6,16.03,PLAN119-OL4,,,AREA51-1,23,4,15/09/2006 00:00,,
1430,1430,,,,,,,,7,16.15,PLAN119-OL4,,,AREA51-1,23,4,15/09/2006 00:00,,
1431,1431,,,,,,,,8,16.04,PLAN119-OL4,,,AREA51-1,23,4,15/09/2006 00:00,,
1432,1432,,,,,,,,9,16.03,PLAN119-OL4,,,AREA51-1,23,4,15/09/2006 00:00,,
1433,1433,,,,,,,,10,16.05,PLAN119-OL4,,,AREA51-1,23,4,15/09/2006 00:00,,
1434,1434,,,,,,,,11,16.07,PLAN119-OL4,,,AREA51-1,23,4,15/09/2006 00:00,,
1435,1435,,,,,,0572,B0572,1,16.26,PLAN117-OL3,,R ARM,AREA51-1,24,4,15/09/2006 00:00,,
1436,1436,,,,,,0572,B0572,2,16.26,PLAN117-OL3,,PELVIS,AREA51-1,24,4,15/09/2006 00:00,,
1437,1437,,,,,,0572,B0572,3,16.28,PLAN117-OL3,,FEMUR,AREA51-1,24,4,15/09/2006 00:00,,
1438,1438,,,,,,0576,B0576,13,16.25,PLAN117-OL2,,SKULL,AREA51-1,24,4,,,
1439,1439,,,,,,0576,B0576,14,16.15,PLAN117-OL2,,PELVIS,AREA51-1,24,4,,,
1440,1440,,,,,,0576,B0576,15,16.20,PLAN117-OL2,,FEET,AREA51-1,24,4,,,
1441,1441,,,,,,0575,B0575,16,16.25,PLAN117-OL2,,FOOT,AREA51-1,24,4,,,
1442,1442,,,,,,0577,B0577,17,16.50,PLAN117-OL2,,SKULL,AREA51-1,24,4,,,
1443,1443,,,,,,0577,B0577,18,16.46,PLAN117-OL2,,L ARM,AREA51-1,24,4,,,
1444,1444,,,,,,0578,B0578,19,16.47,PLAN117-OL2,,SKULL,AREA51-1,24,4,,,
1445,1445,,,,,,0578,B0578,20,16.35,PLAN117-OL2,,PELVIS,AREA51-1,24,4,,,
1446,1446,,,,,,0578,B0578,21,16.35,PLAN117-OL2,,FEET,AREA51-1,24,4,,,
1447,1447,,,,,,0579,B0579,4,16.48,PLAN117-OL3,,SKULL,AREA51-1,25,4,19/09/2006 00:00,,
1448,1448,,,,,,0579,B0579,5,16.29,PLAN117-OL3,,PELVIS,AREA51-1,25,4,19/09/2006 00:00,,
1449,1449,,,,,,0579,B0579,6,16.18,PLAN117-OL3,,FEET,AREA51-1,25,4,19/09/2006 00:00,,
1450,1450,,,,,,0580,B0580,7,16.38,PLAN117-OL3,,SKULL,AREA51-1,25,4,19/09/2006 00:00,,
1451,1451,,,,,,0580,B0580,8,16.18,PLAN117-OL3,,PELVIS,AREA51-1,25,4,19/09/2006 00:00,,
1452,1452,,,,,,0580,B0580,9,16.17,PLAN117-OL3,,FEET,AREA51-1,25,4,19/09/2006 00:00,,
1453,1453,,,,,,0581,B0581,10,16.27,PLAN117-OL3,,SKULL,AREA51-1,25,4,20/09/2006 00:00,,
1454,1454,,,,,,0581,B0581,11,16.18,PLAN117-OL3,,PELVIS,AREA51-1,25,4,20/09/2006 00:00,,
1455,1455,,,,,,0581,B0581,12,16.12,PLAN117-OL3,,FEET,AREA51-1,25,4,20/09/2006 00:00,,
1456,1456,,,,,,0602,B0602,13,16.35,PLAN117-OL3,,SKULL,AREA51-1,25,4,,,
1457,1457,,,,,,0602,B0602,14,16.24,PLAN117-OL3,,PELVIS,AREA51-1,25,4,,,
1458,1458,,,,,,0602,B0602,15,16.29,PLAN117-OL3,,FEET,AREA51-1,25,4,,,
1459,1459,,,,,,,,1,15.98,PLAN119-OL5,,,AREA51-1,26,4,19/09/2006 00:00,,
1460,1460,,,,,,,,2,16.05,PLAN119-OL5,,,AREA51-1,26,4,19/09/2006 00:00,,
1461,1461,,,,,,,,3,15.92,PLAN119-OL5,,,AREA51-1,26,4,19/09/2006 00:00,,
1462,1462,,,,,,,,4,16.02,PLAN119-OL5,,,AREA51-1,26,4,19/09/2006 00:00,,
1463,1463,,,,,,,,5,16.03,PLAN119-OL5,,,AREA51-1,26,4,19/09/2006 00:00,,
1464,1464,,,,,,,,1,16.80,,SECTION084,S END STRING,AREA51-1,27,4,,,
1465,1465,,,,,,,,2,16.80,,SECTION084,N END STRING,AREA51-1,27,4,,,
1466,1466,,,,,,,,,17.18,,SECTION084,S END STRING,AREA51-1,27,4,,,
1467,1467,,,,,,,,,17.18,,SECTION084,N END STRING,AREA51-1,27,4,,,
1468,1468,,,,1876,,,,22,16.31,PLAN117-OL2,,,AREA51-1,27,4,26/09/2006 00:00,,
1469,1469,,,,1876,,,,23,16.32,PLAN117-OL2,,,AREA51-1,27,4,26/09/2006 00:00,,
1470,1470,,,,1876,,,,24,16.37,PLAN117-OL2,,,AREA51-1,27,4,26/09/2006 00:00,,
1471,1471,,,,,,0641,B0641,1,16.16,PLAN117-OL4,,L SHOULDER,AREA51-1,28,4,27/09/2006 00:00,,
1472,1472,,,,,,0641,B0641,2,16.11,PLAN117-OL4,,L RIBS,AREA51-1,28,4,27/09/2006 00:00,,
1473,1473,,,,,,0601,B0601,3,16.16,PLAN117-OL4,,HEAD,AREA51-1,28,4,27/09/2006 00:00,,
1474,1474,,,,,,0601,B0601,4,16.10,PLAN117-OL4,,PELVIS,AREA51-1,28,4,27/09/2006 00:00,,
1475,1475,,,,,,0601,B0601,5,16.08,PLAN117-OL4,,FEET,AREA51-1,28,4,27/09/2006 00:00,,
1476,1476,,,,,,0603,B0603,6,16.15,PLAN117-OL4,,R RIBS,AREA51-1,28,4,27/09/2006 00:00,,
1477,1477,,,,,,0603,B0603,7,16.10,PLAN117-OL4,,R LEG,AREA51-1,28,4,27/09/2006 00:00,,
1478,1478,,,,,,0604,B0604,8,16.13,PLAN117-OL4,,HEAD,AREA51-1,28,4,27/09/2006 00:00,,
1479,1479,,,,,,0604,B0604,9,16.00,PLAN117-OL4,,PELVIS,AREA51-1,28,4,27/09/2006 00:00,,
1480,1480,,,,,,0604,B0604,10,16.02,PLAN117-OL4,,FEET,AREA51-1,28,4,27/09/2006 00:00,,
1481,1481,,,,,,0605,B0605,11,15.93,PLAN117-OL4,,SKULL,AREA51-1,28,4,27/09/2006 00:00,,
1482,1482,,,,,,0605,B0605,12,15.81,PLAN117-OL4,,SHOULDERS,AREA51-1,28,4,27/09/2006 00:00,,
1483,1483,,,,,,0605,B0605,13,15.75,PLAN117-OL4,,PELVIS,AREA51-1,28,4,27/09/2006 00:00,,
1484,1484,,,,,,,,,17.55,,SECTION087,S END,AREA51-1,28,4,,,
1485,1485,,,,,,,,,17.55,,SECTION087,N END,AREA51-1,28,4,,,
